[
{
  "model": "blog.blogcategory",
  "pk": 9,
  "fields": {
    "name": "\u043e\u0431\u0440\u0430\u0431\u043e\u0442\u043a\u0430 \u0438\u043d\u0444\u043e\u0440\u043c\u0430\u0446\u0438\u0438",
    "slug": "information-processing"
  }
},
{
  "model": "blog.blogcategory",
  "pk": 10,
  "fields": {
    "name": "\u0430\u0440\u0445\u0438\u0442\u0435\u043a\u0442\u0443\u0440\u0430 \u042d\u0412\u041c",
    "slug": "computer-architecture"
  }
},
{
  "model": "blog.blogcategory",
  "pk": 11,
  "fields": {
    "name": "\u044f\u0437\u044b\u043a\u0438 \u043f\u0440\u043e\u0433\u0440\u0430\u043c\u043c\u0438\u0440\u043e\u0432\u0430\u043d\u0438\u044f",
    "slug": "computer-language"
  }
},
{
  "model": "blog.blogcategory",
  "pk": 12,
  "fields": {
    "name": "\u0444\u0438\u0437\u0438\u0447\u0435\u0441\u043a\u0438\u0435 \u043e\u0441\u043d\u043e\u0432\u044b \u042d\u0412\u041c",
    "slug": "physical-basics-of-computers"
  }
},
{
  "model": "blog.blogpagetag",
  "pk": 69,
  "fields": {
    "tag": 14,
    "content_object": 29
  }
},
{
  "model": "blog.blogpagetag",
  "pk": 70,
  "fields": {
    "tag": 14,
    "content_object": 31
  }
},
{
  "model": "blog.blogpagetag",
  "pk": 71,
  "fields": {
    "tag": 15,
    "content_object": 31
  }
},
{
  "model": "wagtailembeds.embed",
  "pk": 1,
  "fields": {
    "url": "https://www.youtube.com/watch?v=s--yYkaU2ZY",
    "max_width": null,
    "type": "video",
    "html": "<iframe width=\"480\" height=\"270\" src=\"https://www.youtube.com/embed/s--yYkaU2ZY?feature=oembed\" frameborder=\"0\" allow=\"accelerometer; autoplay; encrypted-media; gyroscope; picture-in-picture\" allowfullscreen></iframe>",
    "title": "\u0410\u043b\u0435\u043a\u0441\u0435\u0439 \u041f\u0438\u0432\u043e\u0432\u0430\u0440\u043e\u0432. \u0427\u0442\u043e \u0441 \u0431\u0438\u0437\u043d\u0435\u0441\u043e\u043c \u043d\u0430 \u0443\u0434\u0430\u043b\u0451\u043d\u043a\u0435: \u0414\u043e\u0434\u043e \u043f\u0438\u0446\u0446\u0430, Setters, Black Star, \u042d\u043a\u043e\u043d\u0438\u043a\u0430, Bite,\u0412\u0438\u043b\u0433\u0443\u0434",
    "author_name": "\u0422\u0435\u043f\u0435\u0440\u044c \u042f \u0411\u043e\u0441\u0441!",
    "provider_name": "YouTube",
    "thumbnail_url": "https://i.ytimg.com/vi/s--yYkaU2ZY/hqdefault.jpg",
    "width": 480,
    "height": 270,
    "last_updated": "2020-04-16T14:46:29.473Z"
  }
},
{
  "model": "wagtailcore.site",
  "pk": 2,
  "fields": {
    "hostname": "localhost",
    "port": 80,
    "site_name": null,
    "root_page": 3,
    "is_default_site": true
  }
},
{
  "model": "wagtailcore.collection",
  "pk": 1,
  "fields": {
    "path": "0001",
    "depth": 1,
    "numchild": 0,
    "name": "Root"
  }
},
{
  "model": "taggit.tag",
  "pk": 7,
  "fields": {
    "name": "\u041a\u043d\u0443\u0442 \u0414\u043e\u043d\u0430\u043b\u044c\u0434 \u042d\u0440\u0432\u0438\u043d",
    "slug": "knuth-donald-ervin"
  }
},
{
  "model": "taggit.tag",
  "pk": 8,
  "fields": {
    "name": "\u0421\u0430\u043c\u043e\u0439\u043b\u043e\u0432\u0430 \u0422\u0430\u0442\u044c\u044f\u043d\u0430 \u0410\u0440\u043a\u0430\u0434\u044c\u0435\u0432\u043d\u0430",
    "slug": "samoylova-tatyana-arkadyevna"
  }
},
{
  "model": "taggit.tag",
  "pk": 9,
  "fields": {
    "name": "\u041c\u0443\u043d\u0435\u0440\u043c\u0430\u043d \u0412\u0438\u043a\u0442\u043e\u0440 \u0418\u043e\u0441\u0438\u0444\u043e\u0432\u0438\u0447",
    "slug": "munerman-viktor-iosifovich"
  }
},
{
  "model": "taggit.tag",
  "pk": 10,
  "fields": {
    "name": "\u0413\u0435\u0439\u043b \u041c\u0430\u043a\u0434\u0430\u0443\u044d\u043b\u043b",
    "slug": "gail-mcdowell"
  }
},
{
  "model": "taggit.tag",
  "pk": 11,
  "fields": {
    "name": "\u0421\u0442\u0438\u0432\u0435\u043d \u0421\u043a\u0438\u0435\u043d\u0430",
    "slug": "steven-skeena"
  }
},
{
  "model": "taggit.tag",
  "pk": 14,
  "fields": {
    "name": "\u0434\u0435\u0434",
    "slug": "ded"
  }
},
{
  "model": "taggit.tag",
  "pk": 15,
  "fields": {
    "name": "\u043f\u0435\u0440\u0432\u044b\u0439",
    "slug": "pervyi"
  }
},
{
  "model": "auth.group",
  "pk": 1,
  "fields": {
    "name": "Moderators",
    "permissions": [
      [
        "access_admin",
        "wagtailadmin",
        "admin"
      ],
      [
        "add_document",
        "wagtaildocs",
        "document"
      ],
      [
        "change_document",
        "wagtaildocs",
        "document"
      ],
      [
        "delete_document",
        "wagtaildocs",
        "document"
      ],
      [
        "add_image",
        "wagtailimages",
        "image"
      ],
      [
        "change_image",
        "wagtailimages",
        "image"
      ],
      [
        "delete_image",
        "wagtailimages",
        "image"
      ]
    ]
  }
},
{
  "model": "auth.group",
  "pk": 2,
  "fields": {
    "name": "Editors",
    "permissions": [
      [
        "access_admin",
        "wagtailadmin",
        "admin"
      ],
      [
        "add_document",
        "wagtaildocs",
        "document"
      ],
      [
        "change_document",
        "wagtaildocs",
        "document"
      ],
      [
        "delete_document",
        "wagtaildocs",
        "document"
      ],
      [
        "add_image",
        "wagtailimages",
        "image"
      ],
      [
        "change_image",
        "wagtailimages",
        "image"
      ],
      [
        "delete_image",
        "wagtailimages",
        "image"
      ]
    ]
  }
},
{
  "model": "auth.user",
  "pk": 2,
  "fields": {
    "password": "pbkdf2_sha256$36000$N8FGuos8nKef$EZkxDYjX1pbeEgixa0868/FVy0+tqm5tyOvRTPbcko0=",
    "last_login": "2020-04-15T14:47:46.011Z",
    "is_superuser": true,
    "username": "aleksey",
    "first_name": "",
    "last_name": "",
    "email": "pavluickov@yandex.ru",
    "is_staff": true,
    "is_active": true,
    "date_joined": "2019-11-25T08:54:16.364Z",
    "groups": [],
    "user_permissions": []
  }
},
{
  "model": "wagtailcore.grouppagepermission",
  "pk": 1,
  "fields": {
    "group": [
      "Moderators"
    ],
    "page": 1,
    "permission_type": "add"
  }
},
{
  "model": "wagtailcore.grouppagepermission",
  "pk": 2,
  "fields": {
    "group": [
      "Moderators"
    ],
    "page": 1,
    "permission_type": "edit"
  }
},
{
  "model": "wagtailcore.grouppagepermission",
  "pk": 3,
  "fields": {
    "group": [
      "Moderators"
    ],
    "page": 1,
    "permission_type": "publish"
  }
},
{
  "model": "wagtailcore.grouppagepermission",
  "pk": 4,
  "fields": {
    "group": [
      "Editors"
    ],
    "page": 1,
    "permission_type": "add"
  }
},
{
  "model": "wagtailcore.grouppagepermission",
  "pk": 5,
  "fields": {
    "group": [
      "Editors"
    ],
    "page": 1,
    "permission_type": "edit"
  }
},
{
  "model": "wagtailcore.grouppagepermission",
  "pk": 6,
  "fields": {
    "group": [
      "Moderators"
    ],
    "page": 1,
    "permission_type": "lock"
  }
},
{
  "model": "wagtailcore.pagerevision",
  "pk": 99,
  "fields": {
    "page": 24,
    "submitted_for_moderation": false,
    "created_at": "2020-04-06T12:56:31.154Z",
    "user": [
      "aleksey"
    ],
    "content_json": "{\"pk\": 24, \"path\": \"000100010002\", \"depth\": 3, \"numchild\": 0, \"title\": \"\\u041a\\u043e\\u0440\\u043f\\u043e\\u0440\\u0430\\u0442\\u0438\\u0432\\u043d\\u044b\\u0439 \\u0443\\u043d\\u0438\\u0432\\u0435\\u0440\\u0441\\u0438\\u0442\\u0435\\u0442\", \"slug\": \"university\", \"content_type\": 28, \"live\": true, \"has_unpublished_changes\": false, \"url_path\": \"/home/university/\", \"owner\": 2, \"seo_title\": \"\", \"show_in_menus\": false, \"search_description\": \"\", \"go_live_at\": null, \"expire_at\": null, \"expired\": false, \"locked\": false, \"first_published_at\": null, \"latest_revision_created_at\": null, \"description\": \"\"}",
    "approved_go_live_at": null
  }
},
{
  "model": "wagtailcore.pagerevision",
  "pk": 101,
  "fields": {
    "page": 26,
    "submitted_for_moderation": false,
    "created_at": "2020-04-06T13:16:37.957Z",
    "user": [
      "aleksey"
    ],
    "content_json": "{\"pk\": 26, \"path\": \"0001000100020002\", \"depth\": 4, \"numchild\": 0, \"title\": \"\\u041e \\u043a\\u043e\\u043c\\u043f\\u0430\\u043d\\u0438\\u0438\", \"slug\": \"\\u043e-\\u043a\\u043e\\u043c\\u043f\\u0430\\u043d\\u0438\\u0438\", \"content_type\": 32, \"live\": true, \"has_unpublished_changes\": false, \"url_path\": \"/home/university/\\u043e-\\u043a\\u043e\\u043c\\u043f\\u0430\\u043d\\u0438\\u0438/\", \"owner\": 2, \"seo_title\": \"\", \"show_in_menus\": false, \"search_description\": \"\", \"go_live_at\": null, \"expire_at\": null, \"expired\": false, \"locked\": false, \"first_published_at\": null, \"latest_revision_created_at\": null, \"body\": \"[{\\\"type\\\": \\\"two_columns\\\", \\\"value\\\": {\\\"left_column\\\": [{\\\"type\\\": \\\"heading\\\", \\\"value\\\": \\\"\\\\u0417\\\\u043d\\\\u0430\\\\u043a\\\\u043e\\\\u043c\\\\u0441\\\\u0442\\\\u0432\\\\u043e \\\\u0441 \\\\u043a\\\\u043e\\\\u043c\\\\u043f\\\\u0430\\\\u043d\\\\u0438\\\\u0435\\\\u0439\\\"}, {\\\"type\\\": \\\"paragraph\\\", \\\"value\\\": \\\"<p>\\\\u0417\\\\u0434\\\\u0435\\\\u0441\\\\u044c \\\\u043c\\\\u043e\\\\u0436\\\\u0435\\\\u0442 \\\\u0431\\\\u044b\\\\u0442\\\\u044c \\\\u043b\\\\u044e\\\\u0431\\\\u043e\\\\u0439 \\\\u0442\\\\u0435\\\\u043a\\\\u0441\\\\u0442 , \\\\u0438 \\\\u043f\\\\u0440\\\\u0438\\\\u043a\\\\u0440\\\\u0435\\\\u043f\\\\u043b\\\\u0435\\\\u043d\\\\u044b \\\\u043a\\\\u0430\\\\u0440\\\\u0442\\\\u0438\\\\u043d\\\\u043e\\\\u0447\\\\u043a\\\\u0438, \\\\u043a \\\\u043f\\\\u0440\\\\u0438\\\\u043c\\\\u0435\\\\u0440\\\\u0443<embed alt=\\\\\\\"hisory.jpg\\\\\\\" embedtype=\\\\\\\"image\\\\\\\" format=\\\\\\\"left\\\\\\\" id=\\\\\\\"25\\\\\\\"/></p>\\\"}], \\\"right_column\\\": [{\\\"type\\\": \\\"heading\\\", \\\"value\\\": \\\"\\\\u041e\\\\u0441\\\\u043d\\\\u043e\\\\u0432\\\\u043d\\\\u044b\\\\u043c\\\\u0438 \\\\u0446\\\\u0435\\\\u043b\\\\u0438\\\"}, {\\\"type\\\": \\\"paragraph\\\", \\\"value\\\": \\\"<ol><li>\\\\u043f\\\\u0435\\\\u0440\\\\u0432\\\\u0430\\\\u044f</li><li>\\\\u0432\\\\u0442\\\\u043e\\\\u0440\\\\u0430\\\\u044f</li><li>\\\\u0442\\\\u0440\\\\u0435\\\\u0442\\\\u0438\\\\u044f\\\\u00a0</li></ol>\\\"}]}}, {\\\"type\\\": \\\"heading\\\", \\\"value\\\": \\\"\\\\u041c\\\\u0438\\\\u0441\\\\u0441\\\\u0438\\\\u044f\\\\u043c\\\\u0438 \\\\u0438 \\\\u0437\\\\u0430\\\\u0434\\\\u0430\\\\u0447\\\\u0430\\\\u043c\\\\u0438 \\\\u043a\\\\u043e\\\\u043c\\\\u043f\\\\u0430\\\\u043d\\\\u0438\\\\u0438\\\"}, {\\\"type\\\": \\\"paragraph\\\", \\\"value\\\": \\\"<p>\\\\u0442\\\\u0430\\\\u043a\\\\u0438\\\\u0435 \\\\u0442\\\\u043e , \\\\u0442\\\\u0430\\\\u043a\\\\u0438\\\\u0435 \\\\u0442\\\\u043e</p>\\\"}]\"}",
    "approved_go_live_at": null
  }
},
{
  "model": "wagtailcore.pagerevision",
  "pk": 102,
  "fields": {
    "page": 26,
    "submitted_for_moderation": false,
    "created_at": "2020-04-06T13:17:08.506Z",
    "user": [
      "aleksey"
    ],
    "content_json": "{\"pk\": 26, \"path\": \"0001000100020002\", \"depth\": 4, \"numchild\": 0, \"title\": \"\\u041e \\u043a\\u043e\\u043c\\u043f\\u0430\\u043d\\u0438\\u0438\", \"slug\": \"about-company\", \"content_type\": 32, \"live\": true, \"has_unpublished_changes\": false, \"url_path\": \"/home/university/\\u043e-\\u043a\\u043e\\u043c\\u043f\\u0430\\u043d\\u0438\\u0438/\", \"owner\": 2, \"seo_title\": \"\", \"show_in_menus\": false, \"search_description\": \"\", \"go_live_at\": null, \"expire_at\": null, \"expired\": false, \"locked\": false, \"first_published_at\": \"2020-04-06T13:16:38.122Z\", \"latest_revision_created_at\": \"2020-04-06T13:16:37.957Z\", \"body\": \"[{\\\"type\\\": \\\"two_columns\\\", \\\"value\\\": {\\\"left_column\\\": [{\\\"type\\\": \\\"heading\\\", \\\"value\\\": \\\"\\\\u0417\\\\u043d\\\\u0430\\\\u043a\\\\u043e\\\\u043c\\\\u0441\\\\u0442\\\\u0432\\\\u043e \\\\u0441 \\\\u043a\\\\u043e\\\\u043c\\\\u043f\\\\u0430\\\\u043d\\\\u0438\\\\u0435\\\\u0439\\\"}, {\\\"type\\\": \\\"paragraph\\\", \\\"value\\\": \\\"<p>\\\\u0417\\\\u0434\\\\u0435\\\\u0441\\\\u044c \\\\u043c\\\\u043e\\\\u0436\\\\u0435\\\\u0442 \\\\u0431\\\\u044b\\\\u0442\\\\u044c \\\\u043b\\\\u044e\\\\u0431\\\\u043e\\\\u0439 \\\\u0442\\\\u0435\\\\u043a\\\\u0441\\\\u0442 , \\\\u0438 \\\\u043f\\\\u0440\\\\u0438\\\\u043a\\\\u0440\\\\u0435\\\\u043f\\\\u043b\\\\u0435\\\\u043d\\\\u044b \\\\u043a\\\\u0430\\\\u0440\\\\u0442\\\\u0438\\\\u043d\\\\u043e\\\\u0447\\\\u043a\\\\u0438, \\\\u043a \\\\u043f\\\\u0440\\\\u0438\\\\u043c\\\\u0435\\\\u0440\\\\u0443<embed alt=\\\\\\\"hisory.jpg\\\\\\\" embedtype=\\\\\\\"image\\\\\\\" format=\\\\\\\"left\\\\\\\" id=\\\\\\\"25\\\\\\\"/></p>\\\"}], \\\"right_column\\\": [{\\\"type\\\": \\\"heading\\\", \\\"value\\\": \\\"\\\\u041e\\\\u0441\\\\u043d\\\\u043e\\\\u0432\\\\u043d\\\\u044b\\\\u043c\\\\u0438 \\\\u0446\\\\u0435\\\\u043b\\\\u0438\\\"}, {\\\"type\\\": \\\"paragraph\\\", \\\"value\\\": \\\"<ol><li>\\\\u043f\\\\u0435\\\\u0440\\\\u0432\\\\u0430\\\\u044f</li><li>\\\\u0432\\\\u0442\\\\u043e\\\\u0440\\\\u0430\\\\u044f</li><li>\\\\u0442\\\\u0440\\\\u0435\\\\u0442\\\\u0438\\\\u044f\\\\u00a0</li></ol>\\\"}]}}, {\\\"type\\\": \\\"heading\\\", \\\"value\\\": \\\"\\\\u041c\\\\u0438\\\\u0441\\\\u0441\\\\u0438\\\\u044f\\\\u043c\\\\u0438 \\\\u0438 \\\\u0437\\\\u0430\\\\u0434\\\\u0430\\\\u0447\\\\u0430\\\\u043c\\\\u0438 \\\\u043a\\\\u043e\\\\u043c\\\\u043f\\\\u0430\\\\u043d\\\\u0438\\\\u0438\\\"}, {\\\"type\\\": \\\"paragraph\\\", \\\"value\\\": \\\"<p>\\\\u0442\\\\u0430\\\\u043a\\\\u0438\\\\u0435 \\\\u0442\\\\u043e , \\\\u0442\\\\u0430\\\\u043a\\\\u0438\\\\u0435 \\\\u0442\\\\u043e</p>\\\"}]\"}",
    "approved_go_live_at": null
  }
},
{
  "model": "wagtailcore.pagerevision",
  "pk": 103,
  "fields": {
    "page": 26,
    "submitted_for_moderation": false,
    "created_at": "2020-04-06T13:18:14.808Z",
    "user": [
      "aleksey"
    ],
    "content_json": "{\"pk\": 26, \"path\": \"0001000100020002\", \"depth\": 4, \"numchild\": 0, \"title\": \"\\u041e \\u043a\\u043e\\u043c\\u043f\\u0430\\u043d\\u0438\\u0438\", \"slug\": \"about-company\", \"content_type\": 32, \"live\": true, \"has_unpublished_changes\": false, \"url_path\": \"/home/university/about-company/\", \"owner\": 2, \"seo_title\": \"\", \"show_in_menus\": false, \"search_description\": \"\", \"go_live_at\": null, \"expire_at\": null, \"expired\": false, \"locked\": false, \"first_published_at\": \"2020-04-06T13:16:38.122Z\", \"latest_revision_created_at\": \"2020-04-06T13:17:08.506Z\", \"body\": \"[{\\\"type\\\": \\\"two_columns\\\", \\\"value\\\": {\\\"left_column\\\": [{\\\"type\\\": \\\"heading\\\", \\\"value\\\": \\\"\\\\u0417\\\\u043d\\\\u0430\\\\u043a\\\\u043e\\\\u043c\\\\u0441\\\\u0442\\\\u0432\\\\u043e \\\\u0441 \\\\u043a\\\\u043e\\\\u043c\\\\u043f\\\\u0430\\\\u043d\\\\u0438\\\\u0435\\\\u0439\\\"}, {\\\"type\\\": \\\"paragraph\\\", \\\"value\\\": \\\"<p>\\\\u0417\\\\u0434\\\\u0435\\\\u0441\\\\u044c \\\\u043c\\\\u043e\\\\u0436\\\\u0435\\\\u0442 \\\\u0431\\\\u044b\\\\u0442\\\\u044c \\\\u043b\\\\u044e\\\\u0431\\\\u043e\\\\u0439 \\\\u0442\\\\u0435\\\\u043a\\\\u0441\\\\u0442 , \\\\u0438 \\\\u043f\\\\u0440\\\\u0438\\\\u043a\\\\u0440\\\\u0435\\\\u043f\\\\u043b\\\\u0435\\\\u043d\\\\u044b \\\\u043a\\\\u0430\\\\u0440\\\\u0442\\\\u0438\\\\u043d\\\\u043e\\\\u0447\\\\u043a\\\\u0438, \\\\u043a \\\\u043f\\\\u0440\\\\u0438\\\\u043c\\\\u0435\\\\u0440\\\\u0443<embed alt=\\\\\\\"hisory.jpg\\\\\\\" embedtype=\\\\\\\"image\\\\\\\" format=\\\\\\\"fullwidth\\\\\\\" id=\\\\\\\"25\\\\\\\"/><embed alt=\\\\\\\"hisory.jpg\\\\\\\" embedtype=\\\\\\\"image\\\\\\\" format=\\\\\\\"left\\\\\\\" id=\\\\\\\"25\\\\\\\"/></p>\\\"}], \\\"right_column\\\": [{\\\"type\\\": \\\"heading\\\", \\\"value\\\": \\\"\\\\u041e\\\\u0441\\\\u043d\\\\u043e\\\\u0432\\\\u043d\\\\u044b\\\\u043c\\\\u0438 \\\\u0446\\\\u0435\\\\u043b\\\\u0438\\\"}, {\\\"type\\\": \\\"paragraph\\\", \\\"value\\\": \\\"<ol><li>\\\\u043f\\\\u0435\\\\u0440\\\\u0432\\\\u0430\\\\u044f</li><li>\\\\u0432\\\\u0442\\\\u043e\\\\u0440\\\\u0430\\\\u044f</li><li>\\\\u0442\\\\u0440\\\\u0435\\\\u0442\\\\u0438\\\\u044f\\\\u00a0</li></ol>\\\"}]}}, {\\\"type\\\": \\\"heading\\\", \\\"value\\\": \\\"\\\\u041c\\\\u0438\\\\u0441\\\\u0441\\\\u0438\\\\u044f\\\\u043c\\\\u0438 \\\\u0438 \\\\u0437\\\\u0430\\\\u0434\\\\u0430\\\\u0447\\\\u0430\\\\u043c\\\\u0438 \\\\u043a\\\\u043e\\\\u043c\\\\u043f\\\\u0430\\\\u043d\\\\u0438\\\\u0438\\\"}, {\\\"type\\\": \\\"paragraph\\\", \\\"value\\\": \\\"<p>\\\\u0442\\\\u0430\\\\u043a\\\\u0438\\\\u0435 \\\\u0442\\\\u043e , \\\\u0442\\\\u0430\\\\u043a\\\\u0438\\\\u0435 \\\\u0442\\\\u043e</p>\\\"}]\"}",
    "approved_go_live_at": null
  }
},
{
  "model": "wagtailcore.pagerevision",
  "pk": 104,
  "fields": {
    "page": 26,
    "submitted_for_moderation": false,
    "created_at": "2020-04-06T13:27:07.012Z",
    "user": [
      "aleksey"
    ],
    "content_json": "{\"pk\": 26, \"path\": \"0001000100020002\", \"depth\": 4, \"numchild\": 0, \"title\": \"\\u041e \\u043a\\u043e\\u043c\\u043f\\u0430\\u043d\\u0438\\u0438\", \"slug\": \"about-company\", \"content_type\": 32, \"live\": true, \"has_unpublished_changes\": false, \"url_path\": \"/home/university/about-company/\", \"owner\": 2, \"seo_title\": \"\", \"show_in_menus\": false, \"search_description\": \"\", \"go_live_at\": null, \"expire_at\": null, \"expired\": false, \"locked\": false, \"first_published_at\": \"2020-04-06T13:16:38.122Z\", \"latest_revision_created_at\": \"2020-04-06T13:18:14.808Z\", \"body\": \"[{\\\"type\\\": \\\"two_columns\\\", \\\"value\\\": {\\\"left_column\\\": [{\\\"type\\\": \\\"heading\\\", \\\"value\\\": \\\"\\\\u0417\\\\u043d\\\\u0430\\\\u043a\\\\u043e\\\\u043c\\\\u0441\\\\u0442\\\\u0432\\\\u043e \\\\u0441 \\\\u043a\\\\u043e\\\\u043c\\\\u043f\\\\u0430\\\\u043d\\\\u0438\\\\u0435\\\\u0439\\\"}, {\\\"type\\\": \\\"paragraph\\\", \\\"value\\\": \\\"<p>\\\\u0417\\\\u0434\\\\u0435\\\\u0441\\\\u044c \\\\u043c\\\\u043e\\\\u0436\\\\u0435\\\\u0442 \\\\u0431\\\\u044b\\\\u0442\\\\u044c \\\\u043b\\\\u044e\\\\u0431\\\\u043e\\\\u0439 \\\\u0442\\\\u0435\\\\u043a\\\\u0441\\\\u0442 , \\\\u0438 \\\\u043f\\\\u0440\\\\u0438\\\\u043a\\\\u0440\\\\u0435\\\\u043f\\\\u043b\\\\u0435\\\\u043d\\\\u044b \\\\u043a\\\\u0430\\\\u0440\\\\u0442\\\\u0438\\\\u043d\\\\u043e\\\\u0447\\\\u043a\\\\u0438, \\\\u043a \\\\u043f\\\\u0440\\\\u0438\\\\u043c\\\\u0435\\\\u0440\\\\u0443</p><p><br/></p>\\\"}], \\\"right_column\\\": [{\\\"type\\\": \\\"heading\\\", \\\"value\\\": \\\"\\\\u041e\\\\u0441\\\\u043d\\\\u043e\\\\u0432\\\\u043d\\\\u044b\\\\u043c\\\\u0438 \\\\u0446\\\\u0435\\\\u043b\\\\u0438\\\"}, {\\\"type\\\": \\\"paragraph\\\", \\\"value\\\": \\\"<ol><li>\\\\u043f\\\\u0435\\\\u0440\\\\u0432\\\\u0430\\\\u044f</li><li>\\\\u0432\\\\u0442\\\\u043e\\\\u0440\\\\u0430\\\\u044f</li><li>\\\\u0442\\\\u0440\\\\u0435\\\\u0442\\\\u0438\\\\u044f</li></ol>\\\"}]}}, {\\\"type\\\": \\\"heading\\\", \\\"value\\\": \\\"\\\\u041c\\\\u0438\\\\u0441\\\\u0441\\\\u0438\\\\u044f\\\\u043c\\\\u0438 \\\\u0438 \\\\u0437\\\\u0430\\\\u0434\\\\u0430\\\\u0447\\\\u0430\\\\u043c\\\\u0438 \\\\u043a\\\\u043e\\\\u043c\\\\u043f\\\\u0430\\\\u043d\\\\u0438\\\\u0438\\\"}, {\\\"type\\\": \\\"paragraph\\\", \\\"value\\\": \\\"<p>\\\\u0442\\\\u0430\\\\u043a\\\\u0438\\\\u0435 \\\\u0442\\\\u043e , \\\\u0442\\\\u0430\\\\u043a\\\\u0438\\\\u0435 \\\\u0442\\\\u043e</p><p><embed alt=\\\\\\\"hisory.jpg\\\\\\\" embedtype=\\\\\\\"image\\\\\\\" format=\\\\\\\"fullwidth\\\\\\\" id=\\\\\\\"25\\\\\\\"/><br/></p>\\\"}]\"}",
    "approved_go_live_at": null
  }
},
{
  "model": "wagtailcore.pagerevision",
  "pk": 105,
  "fields": {
    "page": 26,
    "submitted_for_moderation": false,
    "created_at": "2020-04-06T13:29:47.816Z",
    "user": [
      "aleksey"
    ],
    "content_json": "{\"pk\": 26, \"path\": \"0001000100020002\", \"depth\": 4, \"numchild\": 0, \"title\": \"\\u041e \\u043a\\u043e\\u043c\\u043f\\u0430\\u043d\\u0438\\u0438\", \"slug\": \"about-company\", \"content_type\": 32, \"live\": true, \"has_unpublished_changes\": false, \"url_path\": \"/home/university/about-company/\", \"owner\": 2, \"seo_title\": \"\", \"show_in_menus\": false, \"search_description\": \"\", \"go_live_at\": null, \"expire_at\": null, \"expired\": false, \"locked\": false, \"first_published_at\": \"2020-04-06T13:16:38.122Z\", \"latest_revision_created_at\": \"2020-04-06T13:27:07.012Z\", \"body\": \"[{\\\"type\\\": \\\"two_columns\\\", \\\"value\\\": {\\\"left_column\\\": [{\\\"type\\\": \\\"heading\\\", \\\"value\\\": \\\"\\\\u0417\\\\u043d\\\\u0430\\\\u043a\\\\u043e\\\\u043c\\\\u0441\\\\u0442\\\\u0432\\\\u043e \\\\u0441 \\\\u043a\\\\u043e\\\\u043c\\\\u043f\\\\u0430\\\\u043d\\\\u0438\\\\u0435\\\\u0439\\\"}, {\\\"type\\\": \\\"paragraph\\\", \\\"value\\\": \\\"<p>\\\\u0417\\\\u0434\\\\u0435\\\\u0441\\\\u044c \\\\u043c\\\\u043e\\\\u0436\\\\u0435\\\\u0442 \\\\u0431\\\\u044b\\\\u0442\\\\u044c \\\\u043b\\\\u044e\\\\u0431\\\\u043e\\\\u0439 \\\\u0442\\\\u0435\\\\u043a\\\\u0441\\\\u0442 , \\\\u0438 \\\\u043f\\\\u0440\\\\u0438\\\\u043a\\\\u0440\\\\u0435\\\\u043f\\\\u043b\\\\u0435\\\\u043d\\\\u044b \\\\u043a\\\\u0430\\\\u0440\\\\u0442\\\\u0438\\\\u043d\\\\u043e\\\\u0447\\\\u043a\\\\u0438, \\\\u043a \\\\u043f\\\\u0440\\\\u0438\\\\u043c\\\\u0435\\\\u0440\\\\u0443</p><p><embed alt=\\\\\\\"hisory.jpg\\\\\\\" embedtype=\\\\\\\"image\\\\\\\" format=\\\\\\\"left\\\\\\\" id=\\\\\\\"25\\\\\\\"/><br/></p>\\\"}], \\\"right_column\\\": [{\\\"type\\\": \\\"heading\\\", \\\"value\\\": \\\"\\\\u041e\\\\u0441\\\\u043d\\\\u043e\\\\u0432\\\\u043d\\\\u044b\\\\u043c\\\\u0438 \\\\u0446\\\\u0435\\\\u043b\\\\u0438\\\"}, {\\\"type\\\": \\\"paragraph\\\", \\\"value\\\": \\\"<ol><li>\\\\u043f\\\\u0435\\\\u0440\\\\u0432\\\\u0430\\\\u044f</li><li>\\\\u0432\\\\u0442\\\\u043e\\\\u0440\\\\u0430\\\\u044f</li><li>\\\\u0442\\\\u0440\\\\u0435\\\\u0442\\\\u0438\\\\u044f</li></ol><embed alt=\\\\\\\"hisory.jpg\\\\\\\" embedtype=\\\\\\\"image\\\\\\\" format=\\\\\\\"right\\\\\\\" id=\\\\\\\"25\\\\\\\"/>\\\"}]}}, {\\\"type\\\": \\\"heading\\\", \\\"value\\\": \\\"\\\\u041c\\\\u0438\\\\u0441\\\\u0441\\\\u0438\\\\u044f\\\\u043c\\\\u0438 \\\\u0438 \\\\u0437\\\\u0430\\\\u0434\\\\u0430\\\\u0447\\\\u0430\\\\u043c\\\\u0438 \\\\u043a\\\\u043e\\\\u043c\\\\u043f\\\\u0430\\\\u043d\\\\u0438\\\\u0438\\\"}, {\\\"type\\\": \\\"paragraph\\\", \\\"value\\\": \\\"<p>\\\\u0442\\\\u0430\\\\u043a\\\\u0438\\\\u0435 \\\\u0442\\\\u043e , \\\\u0442\\\\u0430\\\\u043a\\\\u0438\\\\u0435 \\\\u0442\\\\u043e</p><p><embed alt=\\\\\\\"hisory.jpg\\\\\\\" embedtype=\\\\\\\"image\\\\\\\" format=\\\\\\\"fullwidth\\\\\\\" id=\\\\\\\"25\\\\\\\"/><br/></p>\\\"}]\"}",
    "approved_go_live_at": null
  }
},
{
  "model": "wagtailcore.pagerevision",
  "pk": 106,
  "fields": {
    "page": 27,
    "submitted_for_moderation": false,
    "created_at": "2020-04-06T13:39:34.623Z",
    "user": [
      "aleksey"
    ],
    "content_json": "{\"pk\": 27, \"path\": \"0001000100020003\", \"depth\": 4, \"numchild\": 0, \"title\": \"\\u0421\\u043e\\u0431\\u044b\\u0442\\u0438\\u0438\", \"slug\": \"event\", \"content_type\": 32, \"live\": true, \"has_unpublished_changes\": false, \"url_path\": \"/home/university/event/\", \"owner\": 2, \"seo_title\": \"\", \"show_in_menus\": false, \"search_description\": \"\", \"go_live_at\": null, \"expire_at\": null, \"expired\": false, \"locked\": false, \"first_published_at\": null, \"latest_revision_created_at\": null, \"body\": \"[{\\\"type\\\": \\\"heading\\\", \\\"value\\\": \\\"\\\\u041a\\\\u0440\\\\u0430\\\\u0442\\\\u043a\\\\u0430\\\\u044f \\\\u043e\\\\u0431\\\\u0449\\\\u0430\\\\u044f \\\\u0438\\\\u043d\\\\u0444\\\\u043e\\\\u0440\\\\u043c\\\\u0430\\\\u0446\\\\u0438\\\\u044f\\\"}, {\\\"type\\\": \\\"two_columns\\\", \\\"value\\\": {\\\"left_column\\\": [], \\\"right_column\\\": []}}]\"}",
    "approved_go_live_at": null
  }
},
{
  "model": "wagtailcore.pagerevision",
  "pk": 107,
  "fields": {
    "page": 27,
    "submitted_for_moderation": false,
    "created_at": "2020-04-06T13:42:45.006Z",
    "user": [
      "aleksey"
    ],
    "content_json": "{\"pk\": 27, \"path\": \"0001000100020003\", \"depth\": 4, \"numchild\": 0, \"title\": \"\\u0421\\u043e\\u0431\\u044b\\u0442\\u0438\\u0438\", \"slug\": \"event\", \"content_type\": 32, \"live\": true, \"has_unpublished_changes\": false, \"url_path\": \"/home/university/event/\", \"owner\": 2, \"seo_title\": \"\", \"show_in_menus\": false, \"search_description\": \"\", \"go_live_at\": null, \"expire_at\": null, \"expired\": false, \"locked\": false, \"first_published_at\": \"2020-04-06T13:39:34.830Z\", \"latest_revision_created_at\": \"2020-04-06T13:39:34.623Z\", \"body\": \"[{\\\"type\\\": \\\"heading\\\", \\\"value\\\": \\\"\\\\u041a\\\\u0440\\\\u0430\\\\u0442\\\\u043a\\\\u0430\\\\u044f \\\\u043e\\\\u0431\\\\u0449\\\\u0430\\\\u044f \\\\u0438\\\\u043d\\\\u0444\\\\u043e\\\\u0440\\\\u043c\\\\u0430\\\\u0446\\\\u0438\\\\u044f\\\"}, {\\\"type\\\": \\\"two_columns\\\", \\\"value\\\": {\\\"left_column\\\": [{\\\"type\\\": \\\"image\\\", \\\"value\\\": 27}], \\\"right_column\\\": [{\\\"type\\\": \\\"image\\\", \\\"value\\\": 26}]}}, {\\\"type\\\": \\\"two_columns\\\", \\\"value\\\": {\\\"left_column\\\": [{\\\"type\\\": \\\"image\\\", \\\"value\\\": 26}], \\\"right_column\\\": [{\\\"type\\\": \\\"image\\\", \\\"value\\\": 27}]}}]\"}",
    "approved_go_live_at": null
  }
},
{
  "model": "wagtailcore.pagerevision",
  "pk": 108,
  "fields": {
    "page": 28,
    "submitted_for_moderation": false,
    "created_at": "2020-04-06T13:48:44.365Z",
    "user": [
      "aleksey"
    ],
    "content_json": "{\"pk\": 28, \"path\": \"0001000100020004\", \"depth\": 4, \"numchild\": 0, \"title\": \"\\u041f\\u0435\\u0440\\u0432\\u044b\\u0439 \\u043a\\u0443\\u0440\\u0441\", \"slug\": \"\\u043f\\u0435\\u0440\\u0432\\u044b\\u0439-\\u043a\\u0443\\u0440\\u0441\", \"content_type\": 27, \"live\": false, \"has_unpublished_changes\": false, \"url_path\": \"/home/university/\\u043f\\u0435\\u0440\\u0432\\u044b\\u0439-\\u043a\\u0443\\u0440\\u0441/\", \"owner\": 2, \"seo_title\": \"\", \"show_in_menus\": false, \"search_description\": \"\", \"go_live_at\": null, \"expire_at\": null, \"expired\": false, \"locked\": false, \"first_published_at\": null, \"latest_revision_created_at\": null, \"body\": \"\\u0430\\u0444\\u0444\\u0446\\u0430\\u0444\\u0446\\u0430\\u0446\\u0444\\u0432\\u0444\\u0444\\u043c\\u044f\\u0447\\u043c\\u044f\", \"date\": \"2020-04-06T16:48:44.012Z\", \"header_image\": 29, \"post_tags\": [], \"categories\": []}",
    "approved_go_live_at": null
  }
},
{
  "model": "wagtailcore.pagerevision",
  "pk": 109,
  "fields": {
    "page": 28,
    "submitted_for_moderation": false,
    "created_at": "2020-04-06T13:50:55.522Z",
    "user": [
      "aleksey"
    ],
    "content_json": "{\"pk\": 28, \"path\": \"0001000100020004\", \"depth\": 4, \"numchild\": 0, \"title\": \"\\u041f\\u0435\\u0440\\u0432\\u044b\\u0439 \\u043a\\u0443\\u0440\\u0441\", \"slug\": \"\\u043f\\u0435\\u0440\\u0432\\u044b\\u0439-\\u043a\\u0443\\u0440\\u0441\", \"content_type\": 27, \"live\": false, \"has_unpublished_changes\": true, \"url_path\": \"/home/university/\\u043f\\u0435\\u0440\\u0432\\u044b\\u0439-\\u043a\\u0443\\u0440\\u0441/\", \"owner\": 2, \"seo_title\": \"\", \"show_in_menus\": false, \"search_description\": \"\", \"go_live_at\": null, \"expire_at\": null, \"expired\": false, \"locked\": false, \"first_published_at\": null, \"latest_revision_created_at\": \"2020-04-06T13:48:44.365Z\", \"body\": \"\\u0418\\u043d\\u0444\\u043e\\u043c\\u0430\\u0446\\u0438\\u044f \\u043e \\u043a\\u0443\\u0440\\u0441\\u0435 \\u0438 \\u0442.\\u0434.\\r\\n![](https://statimg1.cdnbb8.com/files/image/deal/124620/bb4_deal_big/7227b04c48ec70d5991cd44eb51d6692.jpeg?a58a9f35b5c52ed3d6874152cbfcea6f)\\r\\n\\u0418\\u043d\\u0444\\u043e\\u043c\\u0430\\u0446\\u0438\\u044f \\u043e \\u043a\\u0443\\u0440\\u0441\\u0435 \\u0438 \\u0442.\\u0434.\\r\\n\\u0418\\u043d\\u0444\\u043e\\u043c\\u0430\\u0446\\u0438\\u044f \\u043e \\u043a\\u0443\\u0440\\u0441\\u0435 \\u0438 \\u0442.\\u0434.\\r\\n\\u0418\\u043d\\u0444\\u043e\\u043c\\u0430\\u0446\\u0438\\u044f \\u043e \\u043a\\u0443\\u0440\\u0441\\u0435 \\u0438 \\u0442.\\u0434.\\r\\n\\u0418\\u043d\\u0444\\u043e\\u043c\\u0430\\u0446\\u0438\\u044f \\u043e \\u043a\\u0443\\u0440\\u0441\\u0435 \\u0438 \\u0442.\\u0434.\\r\\n\\u0418\\u043d\\u0444\\u043e\\u043c\\u0430\\u0446\\u0438\\u044f \\u043e \\u043a\\u0443\\u0440\\u0441\\u0435 \\u0438 \\u0442.\\u0434.\\r\\n\\u0418\\u043d\\u0444\\u043e\\u043c\\u0430\\u0446\\u0438\\u044f \\u043e \\u043a\\u0443\\u0440\\u0441\\u0435 \\u0438 \\u0442.\\u0434.\\r\\n\\u0418\\u043d\\u0444\\u043e\\u043c\\u0430\\u0446\\u0438\\u044f \\u043e \\u043a\\u0443\\u0440\\u0441\\u0435 \\u0438 \\u0442.\\u0434.\\r\\n\\u0418\\u043d\\u0444\\u043e\\u043c\\u0430\\u0446\\u0438\\u044f \\u043e \\u043a\\u0443\\u0440\\u0441\\u0435 \\u0438 \\u0442.\\u0434.\\r\\n\\u0418\\u043d\\u0444\\u043e\\u043c\\u0430\\u0446\\u0438\\u044f \\u043e \\u043a\\u0443\\u0440\\u0441\\u0435 \\u0438 \\u0442.\\u0434.\\r\\n\\u0418\\u043d\\u0444\\u043e\\u043c\\u0430\\u0446\\u0438\\u044f \\u043e \\u043a\\u0443\\u0440\\u0441\\u0435 \\u0438 \\u0442.\\u0434.\\r\\n\\u0418\\u043d\\u0444\\u043e\\u043c\\u0430\\u0446\\u0438\\u044f \\u043e \\u043a\\u0443\\u0440\\u0441\\u0435 \\u0438 \\u0442.\\u0434.\\r\\n\\u0418\\u043d\\u0444\\u043e\\u043c\\u0430\\u0446\\u0438\\u044f \\u043e \\u043a\\u0443\\u0440\\u0441\\u0435 \\u0438 \\u0442.\\u0434.\\u0418\\u043d\\u0444\\u043e\\u043c\\u0430\\u0446\\u0438\\u044f \\u043e \\u043a\\u0443\\u0440\\u0441\\u0435 \\u0438 \\u0442.\\u0434.\\r\\n\\u0418\\u043d\\u0444\\u043e\\u043c\\u0430\\u0446\\u0438\\u044f \\u043e \\u043a\\u0443\\u0440\\u0441\\u0435 \\u0438 \\u0442.\\u0434.\\r\\n\\u0418\\u043d\\u0444\\u043e\\u043c\\u0430\\u0446\\u0438\\u044f \\u043e \\u043a\\u0443\\u0440\\u0441\\u0435 \\u0438 \\u0442.\\u0434.\\r\\n\\u0418\\u043d\\u0444\\u043e\\u043c\\u0430\\u0446\\u0438\\u044f \\u043e \\u043a\\u0443\\u0440\\u0441\\u0435 \\u0438 \\u0442.\\u0434.\\r\\n\\u0418\\u043d\\u0444\\u043e\\u043c\\u0430\\u0446\\u0438\\u044f \\u043e \\u043a\\u0443\\u0440\\u0441\\u0435 \\u0438 \\u0442.\\u0434.\\r\\n\\u0418\\u043d\\u0444\\u043e\\u043c\\u0430\\u0446\\u0438\\u044f \\u043e \\u043a\\u0443\\u0440\\u0441\\u0435 \\u0438 \\u0442.\\u0434.\", \"date\": \"2020-04-06T16:48:44.012Z\", \"header_image\": 29, \"post_tags\": [], \"categories\": []}",
    "approved_go_live_at": null
  }
},
{
  "model": "wagtailcore.pagerevision",
  "pk": 110,
  "fields": {
    "page": 29,
    "submitted_for_moderation": false,
    "created_at": "2020-04-06T13:52:29.108Z",
    "user": [
      "aleksey"
    ],
    "content_json": "{\"pk\": 29, \"path\": \"0001000100020005\", \"depth\": 4, \"numchild\": 0, \"title\": \"\\u0421\\u0442\\u0430\\u0442\\u044c\\u044f 2\", \"slug\": \"\\u0441\\u0442\\u0430\\u0442\\u044c\\u044f-2\", \"content_type\": 27, \"live\": true, \"has_unpublished_changes\": false, \"url_path\": \"/home/university/\\u0441\\u0442\\u0430\\u0442\\u044c\\u044f-2/\", \"owner\": 2, \"seo_title\": \"\", \"show_in_menus\": false, \"search_description\": \"\", \"go_live_at\": null, \"expire_at\": null, \"expired\": false, \"locked\": false, \"first_published_at\": null, \"latest_revision_created_at\": null, \"body\": \"\\u0421\\u0442\\u0430\\u0442\\u044c\\u044f 2\\r\\n\\u0421\\u0442\\u0430\\u0442\\u044c\\u044f 2\\r\\n\\u0421\\u0442\\u0430\\u0442\\u044c\\u044f 2\\u0421\\u0442\\u0430\\u0442\\u044c\\u044f 2\\r\\n\\u0421\\u0442\\u0430\\u0442\\u044c\\u044f 2\\r\\n\\u0421\\u0442\\u0430\\u0442\\u044c\\u044f 2\\r\\n\\u0421\\u0442\\u0430\\u0442\\u044c\\u044f 2\\u0421\\u0442\\u0430\\u0442\\u044c\\u044f 2\\r\\n\\u0421\\u0442\\u0430\\u0442\\u044c\\u044f 2\\r\\n\\u0421\\u0442\\u0430\\u0442\\u044c\\u044f 2\\u0421\\u0442\\u0430\\u0442\\u044c\\u044f 2\\u0421\\u0442\\u0430\\u0442\\u044c\\u044f 2\\u0421\\u0442\\u0430\\u0442\\u044c\\u044f 2\\u0421\\u0442\\u0430\\u0442\\u044c\\u044f 2\\r\\n\\u0421\\u0442\\u0430\\u0442\\u044c\\u044f 2\\r\\n\\u0421\\u0442\\u0430\\u0442\\u044c\\u044f 2\\r\\n\\u0421\\u0442\\u0430\\u0442\\u044c\\u044f 2\\r\\n\\u0421\\u0442\\u0430\\u0442\\u044c\\u044f 2\\r\\n\\u0421\\u0442\\u0430\\u0442\\u044c\\u044f 2\\r\\n\\u0421\\u0442\\u0430\\u0442\\u044c\\u044f 2\\r\\n\\u0421\\u0442\\u0430\\u0442\\u044c\\u044f 2\\r\\n\\u0421\\u0442\\u0430\\u0442\\u044c\\u044f 2\", \"date\": \"2020-04-06T16:52:28.659Z\", \"header_image\": 28, \"post_tags\": [{\"pk\": 67, \"tag\": 14, \"content_object\": 29}], \"categories\": [9]}",
    "approved_go_live_at": null
  }
},
{
  "model": "wagtailcore.pagerevision",
  "pk": 111,
  "fields": {
    "page": 28,
    "submitted_for_moderation": false,
    "created_at": "2020-04-06T13:53:19.250Z",
    "user": [
      "aleksey"
    ],
    "content_json": "{\"pk\": 28, \"path\": \"0001000100020004\", \"depth\": 4, \"numchild\": 0, \"title\": \"\\u041f\\u0435\\u0440\\u0432\\u044b\\u0439 \\u043a\\u0443\\u0440\\u0441\", \"slug\": \"\\u043f\\u0435\\u0440\\u0432\\u044b\\u0439-\\u043a\\u0443\\u0440\\u0441\", \"content_type\": 27, \"live\": true, \"has_unpublished_changes\": false, \"url_path\": \"/home/university/\\u043f\\u0435\\u0440\\u0432\\u044b\\u0439-\\u043a\\u0443\\u0440\\u0441/\", \"owner\": 2, \"seo_title\": \"\", \"show_in_menus\": false, \"search_description\": \"\", \"go_live_at\": null, \"expire_at\": null, \"expired\": false, \"locked\": false, \"first_published_at\": \"2020-04-06T13:50:55.697Z\", \"latest_revision_created_at\": \"2020-04-06T13:50:55.522Z\", \"body\": \"\\u0418\\u043d\\u0444\\u043e\\u043c\\u0430\\u0446\\u0438\\u044f \\u043e \\u043a\\u0443\\u0440\\u0441\\u0435 \\u0438 \\u0442.\\u0434.\\r\\n\\r\\n\\u0418\\u043d\\u0444\\u043e\\u043c\\u0430\\u0446\\u0438\\u044f \\u043e \\u043a\\u0443\\u0440\\u0441\\u0435 \\u0438 \\u0442.\\u0434.\\r\\n\\u0418\\u043d\\u0444\\u043e\\u043c\\u0430\\u0446\\u0438\\u044f \\u043e \\u043a\\u0443\\u0440\\u0441\\u0435 \\u0438 \\u0442.\\u0434.\\r\\n\\u0418\\u043d\\u0444\\u043e\\u043c\\u0430\\u0446\\u0438\\u044f \\u043e \\u043a\\u0443\\u0440\\u0441\\u0435 \\u0438 \\u0442.\\u0434.\\r\\n\\u0418\\u043d\\u0444\\u043e\\u043c\\u0430\\u0446\\u0438\\u044f \\u043e \\u043a\\u0443\\u0440\\u0441\\u0435 \\u0438 \\u0442.\\u0434.\\r\\n\\u0418\\u043d\\u0444\\u043e\\u043c\\u0430\\u0446\\u0438\\u044f \\u043e \\u043a\\u0443\\u0440\\u0441\\u0435 \\u0438 \\u0442.\\u0434.\\r\\n\\u0418\\u043d\\u0444\\u043e\\u043c\\u0430\\u0446\\u0438\\u044f \\u043e \\u043a\\u0443\\u0440\\u0441\\u0435 \\u0438 \\u0442.\\u0434.\\r\\n\\u0418\\u043d\\u0444\\u043e\\u043c\\u0430\\u0446\\u0438\\u044f \\u043e \\u043a\\u0443\\u0440\\u0441\\u0435 \\u0438 \\u0442.\\u0434.\\r\\n\\u0418\\u043d\\u0444\\u043e\\u043c\\u0430\\u0446\\u0438\\u044f \\u043e \\u043a\\u0443\\u0440\\u0441\\u0435 \\u0438 \\u0442.\\u0434.\\r\\n\\u0418\\u043d\\u0444\\u043e\\u043c\\u0430\\u0446\\u0438\\u044f \\u043e \\u043a\\u0443\\u0440\\u0441\\u0435 \\u0438 \\u0442.\\u0434.\\r\\n\\u0418\\u043d\\u0444\\u043e\\u043c\\u0430\\u0446\\u0438\\u044f \\u043e \\u043a\\u0443\\u0440\\u0441\\u0435 \\u0438 \\u0442.\\u0434.\\r\\n\\u0418\\u043d\\u0444\\u043e\\u043c\\u0430\\u0446\\u0438\\u044f \\u043e \\u043a\\u0443\\u0440\\u0441\\u0435 \\u0438 \\u0442.\\u0434.\\r\\n\\u0418\\u043d\\u0444\\u043e\\u043c\\u0430\\u0446\\u0438\\u044f \\u043e \\u043a\\u0443\\u0440\\u0441\\u0435 \\u0438 \\u0442.\\u0434.\\u0418\\u043d\\u0444\\u043e\\u043c\\u0430\\u0446\\u0438\\u044f \\u043e \\u043a\\u0443\\u0440\\u0441\\u0435 \\u0438 \\u0442.\\u0434.\\r\\n\\u0418\\u043d\\u0444\\u043e\\u043c\\u0430\\u0446\\u0438\\u044f \\u043e \\u043a\\u0443\\u0440\\u0441\\u0435 \\u0438 \\u0442.\\u0434.\\r\\n\\u0418\\u043d\\u0444\\u043e\\u043c\\u0430\\u0446\\u0438\\u044f \\u043e \\u043a\\u0443\\u0440\\u0441\\u0435 \\u0438 \\u0442.\\u0434.\\r\\n\\u0418\\u043d\\u0444\\u043e\\u043c\\u0430\\u0446\\u0438\\u044f \\u043e \\u043a\\u0443\\u0440\\u0441\\u0435 \\u0438 \\u0442.\\u0434.\\r\\n![](https://statimg1.cdnbb8.com/files/image/deal/124620/bb4_deal_big/7227b04c48ec70d5991cd44eb51d6692.jpeg?a58a9f35b5c52ed3d6874152cbfcea6f)\\r\\n\\u0418\\u043d\\u0444\\u043e\\u043c\\u0430\\u0446\\u0438\\u044f \\u043e \\u043a\\u0443\\u0440\\u0441\\u0435 \\u0438 \\u0442.\\u0434.\\r\\n\\u0418\\u043d\\u0444\\u043e\\u043c\\u0430\\u0446\\u0438\\u044f \\u043e \\u043a\\u0443\\u0440\\u0441\\u0435 \\u0438 \\u0442.\\u0434.\", \"date\": \"2020-04-06T16:48:44.012Z\", \"header_image\": 29, \"post_tags\": [], \"categories\": []}",
    "approved_go_live_at": null
  }
},
{
  "model": "wagtailcore.pagerevision",
  "pk": 113,
  "fields": {
    "page": 29,
    "submitted_for_moderation": false,
    "created_at": "2020-04-06T13:57:36.958Z",
    "user": [
      "aleksey"
    ],
    "content_json": "{\"pk\": 29, \"path\": \"0001000100020005\", \"depth\": 4, \"numchild\": 0, \"title\": \"\\u0421\\u0442\\u0430\\u0442\\u044c\\u044f 2\", \"slug\": \"\\u0441\\u0442\\u0430\\u0442\\u044c\\u044f-2\", \"content_type\": 27, \"live\": true, \"has_unpublished_changes\": false, \"url_path\": \"/home/university/\\u0441\\u0442\\u0430\\u0442\\u044c\\u044f-2/\", \"owner\": 2, \"seo_title\": \"\", \"show_in_menus\": false, \"search_description\": \"\", \"go_live_at\": null, \"expire_at\": null, \"expired\": false, \"locked\": false, \"first_published_at\": \"2020-04-06T13:52:29.279Z\", \"latest_revision_created_at\": \"2020-04-06T13:52:29.108Z\", \"body\": \"\\u0421\\u0442\\u0430\\u0442\\u044c\\u044f 2\\r\\n\\u0421\\u0442\\u0430\\u0442\\u044c\\u044f 2\\r\\n\\u0421\\u0442\\u0430\\u0442\\u044c\\u044f 2\\u0421\\u0442\\u0430\\u0442\\u044c\\u044f 2\\r\\n\\u0421\\u0442\\u0430\\u0442\\u044c\\u044f 2\\r\\n\\u0421\\u0442\\u0430\\u0442\\u044c\\u044f 2\\r\\n\\u0421\\u0442\\u0430\\u0442\\u044c\\u044f 2\\u0421\\u0442\\u0430\\u0442\\u044c\\u044f 2\\r\\n\\u0421\\u0442\\u0430\\u0442\\u044c\\u044f 2\\r\\n\\u0421\\u0442\\u0430\\u0442\\u044c\\u044f 2\\u0421\\u0442\\u0430\\u0442\\u044c\\u044f 2\\u0421\\u0442\\u0430\\u0442\\u044c\\u044f 2\\u0421\\u0442\\u0430\\u0442\\u044c\\u044f 2\\u0421\\u0442\\u0430\\u0442\\u044c\\u044f 2\\r\\n\\u0421\\u0442\\u0430\\u0442\\u044c\\u044f 2\\r\\n\\u0421\\u0442\\u0430\\u0442\\u044c\\u044f 2\\r\\n\\u0421\\u0442\\u0430\\u0442\\u044c\\u044f 2\\r\\n[](https://www.youtube.com/watch?v=SLV1B5Lzy48)\\r\\n\\u0421\\u0442\\u0430\\u0442\\u044c\\u044f 2\\r\\n\\u0421\\u0442\\u0430\\u0442\\u044c\\u044f 2\\r\\n\\u0421\\u0442\\u0430\\u0442\\u044c\\u044f 2\\r\\n\\u0421\\u0442\\u0430\\u0442\\u044c\\u044f 2\\r\\n\\u0421\\u0442\\u0430\\u0442\\u044c\\u044f 2\", \"date\": \"2020-04-06T16:52:28.659Z\", \"header_image\": 28, \"post_tags\": [{\"pk\": null, \"tag\": 14, \"content_object\": 29}], \"categories\": [9]}",
    "approved_go_live_at": null
  }
},
{
  "model": "wagtailcore.pagerevision",
  "pk": 114,
  "fields": {
    "page": 29,
    "submitted_for_moderation": false,
    "created_at": "2020-04-06T13:59:08.200Z",
    "user": [
      "aleksey"
    ],
    "content_json": "{\"pk\": 29, \"path\": \"0001000100020005\", \"depth\": 4, \"numchild\": 0, \"title\": \"\\u0421\\u0442\\u0430\\u0442\\u044c\\u044f 2\", \"slug\": \"\\u0441\\u0442\\u0430\\u0442\\u044c\\u044f-2\", \"content_type\": 27, \"live\": true, \"has_unpublished_changes\": false, \"url_path\": \"/home/university/\\u0441\\u0442\\u0430\\u0442\\u044c\\u044f-2/\", \"owner\": 2, \"seo_title\": \"\", \"show_in_menus\": false, \"search_description\": \"\", \"go_live_at\": null, \"expire_at\": null, \"expired\": false, \"locked\": false, \"first_published_at\": \"2020-04-06T13:52:29.279Z\", \"latest_revision_created_at\": \"2020-04-06T13:57:36.958Z\", \"body\": \"\\u0421\\u0442\\u0430\\u0442\\u044c\\u044f 2\\r\\n\\u0421\\u0442\\u0430\\u0442\\u044c\\u044f 2\\r\\n\\u0421\\u0442\\u0430\\u0442\\u044c\\u044f 2\\u0421\\u0442\\u0430\\u0442\\u044c\\u044f 2\\r\\n\\u0421\\u0442\\u0430\\u0442\\u044c\\u044f 2\\r\\n\\u0421\\u0442\\u0430\\u0442\\u044c\\u044f 2\\r\\n\\u0421\\u0442\\u0430\\u0442\\u044c\\u044f 2\\u0421\\u0442\\u0430\\u0442\\u044c\\u044f 2\\r\\n\\u0421\\u0442\\u0430\\u0442\\u044c\\u044f 2\\r\\n\\u0421\\u0442\\u0430\\u0442\\u044c\\u044f 2\\u0421\\u0442\\u0430\\u0442\\u044c\\u044f 2\\u0421\\u0442\\u0430\\u0442\\u044c\\u044f 2\\u0421\\u0442\\u0430\\u0442\\u044c\\u044f 2\\u0421\\u0442\\u0430\\u0442\\u044c\\u044f 2\\r\\n\\u0421\\u0442\\u0430\\u0442\\u044c\\u044f 2\\r\\n\\u0421\\u0442\\u0430\\u0442\\u044c\\u044f 2\\r\\n\\u0421\\u0442\\u0430\\u0442\\u044c\\u044f 2\\r\\n[](https://www.youtube.com/watch?v=SLV1B5Lzy48)\\r\\n\\u0421\\u0442\\u0430\\u0442\\u044c\\u044f 2\\r\\n\\u0421\\u0442\\u0430\\u0442\\u044c\\u044f 2\\r\\n\\u0421\\u0442\\u0430\\u0442\\u044c\\u044f 2\\r\\n\\u0421\\u0442\\u0430\\u0442\\u044c\\u044f 2\\r\\n\\u0421\\u0442\\u0430\\u0442\\u044c\\u044f 2\", \"date\": \"2020-04-06T16:52:28.659Z\", \"header_image\": 28, \"post_tags\": [{\"pk\": null, \"tag\": 14, \"content_object\": 29}], \"categories\": [9]}",
    "approved_go_live_at": null
  }
},
{
  "model": "wagtailcore.pagerevision",
  "pk": 115,
  "fields": {
    "page": 26,
    "submitted_for_moderation": false,
    "created_at": "2020-04-06T14:54:37.997Z",
    "user": [
      "aleksey"
    ],
    "content_json": "{\"pk\": 26, \"path\": \"0001000100020002\", \"depth\": 4, \"numchild\": 0, \"title\": \"\\u041e \\u043a\\u043e\\u043c\\u043f\\u0430\\u043d\\u0438\\u0438\", \"slug\": \"about-company\", \"content_type\": 32, \"live\": true, \"has_unpublished_changes\": false, \"url_path\": \"/home/university/about-company/\", \"owner\": 2, \"seo_title\": \"\", \"show_in_menus\": false, \"search_description\": \"\", \"go_live_at\": null, \"expire_at\": null, \"expired\": false, \"locked\": false, \"first_published_at\": \"2020-04-06T13:16:38.122Z\", \"latest_revision_created_at\": \"2020-04-06T13:29:47.816Z\", \"body\": \"[{\\\"type\\\": \\\"two_columns\\\", \\\"value\\\": {\\\"left_column\\\": [{\\\"type\\\": \\\"heading\\\", \\\"value\\\": \\\"\\\\u0417\\\\u043d\\\\u0430\\\\u043a\\\\u043e\\\\u043c\\\\u0441\\\\u0442\\\\u0432\\\\u043e \\\\u0441 \\\\u043a\\\\u043e\\\\u043c\\\\u043f\\\\u0430\\\\u043d\\\\u0438\\\\u0435\\\\u0439\\\"}, {\\\"type\\\": \\\"paragraph\\\", \\\"value\\\": \\\"<p>\\\\u0417\\\\u0434\\\\u0435\\\\u0441\\\\u044c \\\\u043c\\\\u043e\\\\u0436\\\\u0435\\\\u0442 \\\\u0431\\\\u044b\\\\u0442\\\\u044c \\\\u043b\\\\u044e\\\\u0431\\\\u043e\\\\u0439 \\\\u0442\\\\u0435\\\\u043a\\\\u0441\\\\u0442 , \\\\u0438 \\\\u043f\\\\u0440\\\\u0438\\\\u043a\\\\u0440\\\\u0435\\\\u043f\\\\u043b\\\\u0435\\\\u043d\\\\u044b \\\\u043a\\\\u0430\\\\u0440\\\\u0442\\\\u0438\\\\u043d\\\\u043e\\\\u0447\\\\u043a\\\\u0438, \\\\u043a \\\\u043f\\\\u0440\\\\u0438\\\\u043c\\\\u0435\\\\u0440\\\\u0443</p><p><embed alt=\\\\\\\"hisory.jpg\\\\\\\" embedtype=\\\\\\\"image\\\\\\\" format=\\\\\\\"left\\\\\\\" id=\\\\\\\"25\\\\\\\"/><br/></p>\\\"}], \\\"right_column\\\": [{\\\"type\\\": \\\"heading\\\", \\\"value\\\": \\\"\\\\u041e\\\\u0441\\\\u043d\\\\u043e\\\\u0432\\\\u043d\\\\u044b\\\\u043c\\\\u0438 \\\\u0446\\\\u0435\\\\u043b\\\\u0438\\\"}, {\\\"type\\\": \\\"paragraph\\\", \\\"value\\\": \\\"<ol><li>\\\\u043f\\\\u0435\\\\u0440\\\\u0432\\\\u0430\\\\u044f</li><li>\\\\u0432\\\\u0442\\\\u043e\\\\u0440\\\\u0430\\\\u044f</li><li>\\\\u0442\\\\u0440\\\\u0435\\\\u0442\\\\u0438\\\\u044f</li></ol><embed alt=\\\\\\\"hisory.jpg\\\\\\\" embedtype=\\\\\\\"image\\\\\\\" format=\\\\\\\"right\\\\\\\" id=\\\\\\\"25\\\\\\\"/>\\\"}]}}, {\\\"type\\\": \\\"heading\\\", \\\"value\\\": \\\"\\\\u041c\\\\u0438\\\\u0441\\\\u0441\\\\u0438\\\\u044f\\\\u043c\\\\u0438 \\\\u0438 \\\\u0437\\\\u0430\\\\u0434\\\\u0430\\\\u0447\\\\u0430\\\\u043c\\\\u0438 \\\\u043a\\\\u043e\\\\u043c\\\\u043f\\\\u0430\\\\u043d\\\\u0438\\\\u0438\\\"}, {\\\"type\\\": \\\"paragraph\\\", \\\"value\\\": \\\"<p>\\\\u0442\\\\u0430\\\\u043a\\\\u0438\\\\u0435 \\\\u0442\\\\u043e , \\\\u0442\\\\u0430\\\\u043a\\\\u0438\\\\u0435 \\\\u0442\\\\u043e</p><p><embed alt=\\\\\\\"hisory.jpg\\\\\\\" embedtype=\\\\\\\"image\\\\\\\" format=\\\\\\\"fullwidth\\\\\\\" id=\\\\\\\"25\\\\\\\"/><br/></p>\\\"}, {\\\"type\\\": \\\"heading\\\", \\\"value\\\": \\\"\\\\u0430\\\\u0444\\\\u0446\\\\u0430\\\\u0444\\\\u0446\\\"}, {\\\"type\\\": \\\"paragraph\\\", \\\"value\\\": \\\"<p>1</p><p>1</p><p>1</p><p>1</p><p>1</p><p><br/></p><p>1</p><p>1</p><p>1</p><p><br/></p><p>1</p><p>1</p><p>1</p><p>1</p><p><br/></p><p>1</p><p><br/></p>\\\"}]\"}",
    "approved_go_live_at": null
  }
},
{
  "model": "wagtailcore.pagerevision",
  "pk": 116,
  "fields": {
    "page": 31,
    "submitted_for_moderation": false,
    "created_at": "2020-04-06T15:01:51.066Z",
    "user": [
      "aleksey"
    ],
    "content_json": "{\"pk\": 31, \"path\": \"0001000100020006\", \"depth\": 4, \"numchild\": 0, \"title\": \"\\u0421\\u0442\\u0430\\u0442\\u044c\\u044f 3\", \"slug\": \"\\u0441\\u0442\\u0430\\u0442\\u044c\\u044f-3\", \"content_type\": 27, \"live\": true, \"has_unpublished_changes\": false, \"url_path\": \"/home/university/\\u0441\\u0442\\u0430\\u0442\\u044c\\u044f-3/\", \"owner\": 2, \"seo_title\": \"\", \"show_in_menus\": false, \"search_description\": \"\", \"go_live_at\": null, \"expire_at\": null, \"expired\": false, \"locked\": false, \"first_published_at\": null, \"latest_revision_created_at\": null, \"body\": \"\\u0446\\u043f\\u0443\\u0446\\u043f\\u0446\\u0443\\u043f\\u0446\\u0443\\u043f\\u0446\\u0443\\u043f\\u0446\\u0443\\u043f\\u0446\\u0443\\r\\n1. \\u0440\\u043a\\u0440\\u0432\\u043a\\r\\n2. \\u0432\\u043a\\u0440\\r\\n3. \\u0432\\u043a\\r\\n4. \\u0440\\u0432\\u043a\\r\\n5.[ \\u0440\\u0432\\u043a](https://www.youtube.com/watch?v=SLV1B5Lzy48)\\r\\n6. \\u0440\\u0432\\r\\n7. \\u0440\\u0432\", \"date\": \"2020-04-06T18:01:50.823Z\", \"header_image\": 27, \"post_tags\": [], \"categories\": []}",
    "approved_go_live_at": null
  }
},
{
  "model": "wagtailcore.pagerevision",
  "pk": 117,
  "fields": {
    "page": 31,
    "submitted_for_moderation": false,
    "created_at": "2020-04-06T15:03:57.750Z",
    "user": [
      "aleksey"
    ],
    "content_json": "{\"pk\": 31, \"path\": \"0001000100020006\", \"depth\": 4, \"numchild\": 0, \"title\": \"\\u0421\\u0442\\u0430\\u0442\\u044c\\u044f 3\", \"slug\": \"\\u0441\\u0442\\u0430\\u0442\\u044c\\u044f-3\", \"content_type\": 27, \"live\": true, \"has_unpublished_changes\": false, \"url_path\": \"/home/university/\\u0441\\u0442\\u0430\\u0442\\u044c\\u044f-3/\", \"owner\": 2, \"seo_title\": \"\", \"show_in_menus\": true, \"search_description\": \"\", \"go_live_at\": null, \"expire_at\": null, \"expired\": false, \"locked\": false, \"first_published_at\": \"2020-04-06T15:01:51.205Z\", \"latest_revision_created_at\": \"2020-04-06T15:01:51.066Z\", \"body\": \"\\u0446\\u043f\\u0443\\u0446\\u043f\\u0446\\u0443\\u043f\\u0446\\u0443\\u043f\\u0446\\u0443\\u043f\\u0446\\u0443\\u043f\\u0446\\u0443\\r\\n1. \\u0440\\u043a\\u0440\\u0432\\u043a\\r\\n2. \\u0432\\u043a\\u0440\\r\\n3. \\u0432\\u043a\\r\\n4. \\u0440\\u0432\\u043a\\r\\n5.[ \\u0440\\u0432\\u043a](https://www.youtube.com/watch?v=SLV1B5Lzy48)\\r\\n6. \\u0440\\u0432\\r\\n7. \\u0440\\u0432\", \"date\": \"2020-04-06T18:01:50.823Z\", \"header_image\": 27, \"post_tags\": [{\"pk\": null, \"tag\": 14, \"content_object\": 31}, {\"pk\": null, \"tag\": 15, \"content_object\": 31}], \"categories\": [9, 10, 11]}",
    "approved_go_live_at": null
  }
},
{
  "model": "wagtailcore.pagerevision",
  "pk": 118,
  "fields": {
    "page": 32,
    "submitted_for_moderation": false,
    "created_at": "2020-04-06T15:18:13.355Z",
    "user": [
      "aleksey"
    ],
    "content_json": "{\"pk\": 32, \"path\": \"0001000100020007\", \"depth\": 4, \"numchild\": 0, \"title\": \"\\u0414\\u043e\\u043a\\u0443\\u043c\\u0435\\u043d\\u0442\\u044b\", \"slug\": \"documents\", \"content_type\": 32, \"live\": true, \"has_unpublished_changes\": false, \"url_path\": \"/home/university/documents/\", \"owner\": 2, \"seo_title\": \"\", \"show_in_menus\": false, \"search_description\": \"\", \"go_live_at\": null, \"expire_at\": null, \"expired\": false, \"locked\": false, \"first_published_at\": null, \"latest_revision_created_at\": null, \"body\": \"[]\"}",
    "approved_go_live_at": null
  }
},
{
  "model": "wagtailcore.pagerevision",
  "pk": 119,
  "fields": {
    "page": 28,
    "submitted_for_moderation": false,
    "created_at": "2020-04-16T15:25:33.058Z",
    "user": [
      "aleksey"
    ],
    "content_json": "{\"pk\": 28, \"path\": \"0001000100020004\", \"depth\": 4, \"numchild\": 0, \"title\": \"\\u041f\\u0435\\u0440\\u0432\\u044b\\u0439 \\u043a\\u0443\\u0440\\u0441\", \"slug\": \"\\u043f\\u0435\\u0440\\u0432\\u044b\\u0439-\\u043a\\u0443\\u0440\\u0441\", \"content_type\": 27, \"live\": true, \"has_unpublished_changes\": false, \"url_path\": \"/home/university/\\u043f\\u0435\\u0440\\u0432\\u044b\\u0439-\\u043a\\u0443\\u0440\\u0441/\", \"owner\": 2, \"seo_title\": \"\", \"show_in_menus\": false, \"search_description\": \"\", \"go_live_at\": null, \"expire_at\": null, \"expired\": false, \"locked\": false, \"first_published_at\": \"2020-04-06T13:50:55.697Z\", \"latest_revision_created_at\": \"2020-04-06T13:53:19.250Z\", \"body\": \"\\u0418\\u043d\\u0444\\u043e\\u043c\\u0430\\u0446\\u0438\\u044f \\u043e \\u043a\\u0443\\u0440\\u0441\\u0435 \\u0438 \\u0442.\\u0434.\\r\\n\\u0421\\u043c\\u043e\\u0442\\u0440\\u0438\\u0442\\u0435 \\u0434\\u0430\\u043b\\u0435\\u0435 \\r\\n\\r\\n\\u041e\\u0431\\u043e\\u0441\\u043d\\u043e\\u0432\\u0430\\u043d\\u0438\\u0435\\r\\n\\r\\n\\u0421\\u0438\\u0434\\u0435\\u0442\\u044c, \\u0441\\u043f\\u043e\\u043a\\u043e\\u0439\\u043d\\u043e \\u0438 \\u0440\\u0438\\u0441\\u043e\\u0432\\u0430\\u0442\\u044c \\u0438\\u043b\\u0438 \\u0441\\u043e\\u0431\\u0438\\u0440\\u0430\\u0442\\u044c \\u043a\\u043e\\u043d\\u0441\\u0442\\u0440\\u0443\\u043a\\u0442\\u043e\\u0440\\u044b \\u0446\\u0435\\u043b\\u044b\\u0439 \\u0434\\u0435\\u043d\\u044c \\u043d\\u0435\\u0432\\u043e\\u0437\\u043c\\u043e\\u0436\\u043d\\u043e, \\u0434\\u0430 \\u0438 \\u0430\\u043a\\u0442\\u0438\\u0432\\u043d\\u044b\\u0435 \\u0438\\u0433\\u0440\\u044b \\u0442\\u043e\\u0436\\u0435 \\u043d\\u0435\\u043e\\u0431\\u0445\\u043e\\u0434\\u0438\\u043c\\u044b. \\u0412\\u0441\\u0435 \\u0434\\u0435\\u0442\\u0438 \\u043b\\u044e\\u0431\\u044f\\u0442 \\u0433\\u043e\\u043d\\u044f\\u0442\\u044c \\u043d\\u0430 \\u0432\\u0435\\u043b\\u0438\\u043a\\u0430\\u0445, \\u0441\\u0430\\u043c\\u043e\\u043a\\u0430\\u0442\\u0430\\u0445, \\u0431\\u0435\\u0433\\u0430\\u0442\\u044c \\u0438 \\u043f\\u0440\\u044b\\u0433\\u0430\\u0442\\u044c. \\u0414\\u043b\\u044f \\u043d\\u0430\\u043f\\u0440\\u0430\\u0432\\u043b\\u0435\\u043d\\u0438\\u044f \\u00ab\\u0447\\u0440\\u0435\\u0437\\u043c\\u0435\\u0440\\u043d\\u043e\\u0439\\u00bb \\u044d\\u043d\\u0435\\u0440\\u0433\\u0438\\u0438 \\u0434\\u0435\\u0442\\u0435\\u0439 \\u0432 \\u043f\\u043e\\u043b\\u0435\\u0437\\u043d\\u043e\\u0435 \\u0440\\u0443\\u0441\\u043b\\u043e \\u043f\\u0440\\u0438\\u0448\\u043b\\u0430 \\u043c\\u044b\\u0441\\u043b\\u044c \\u043f\\u043e\\u0441\\u0442\\u0430\\u0432\\u0438\\u0442\\u044c \\u0434\\u0435\\u0442\\u0441\\u043a\\u0438\\u0439 \\u0432\\u0435\\u043b\\u043e\\u0441\\u0438\\u043f\\u0435\\u0434 \\u043d\\u0430 \\u0441\\u0442\\u0430\\u043d\\u043e\\u043a, \\u043d\\u043e \\u043a\\u0430\\u043a\\u043e\\u0439 \\u0440\\u0435\\u0431\\u0435\\u043d\\u043e\\u043a \\u0431\\u0443\\u0434\\u0435\\u0442 \\u0441\\u0438\\u0434\\u0435\\u0442\\u044c \\u0438 \\u043f\\u0440\\u043e\\u0441\\u0442\\u043e \\u043a\\u0440\\u0443\\u0442\\u0438\\u0442\\u044c \\u043f\\u0435\\u0434\\u0430\\u043b\\u0438, \\u0433\\u043b\\u044f\\u0434\\u044f \\u0432 \\u0441\\u0442\\u0435\\u043d\\u0443? \\u041d\\u0438\\u043a\\u0430\\u043a\\u043e\\u0439! \\u0422\\u0430\\u043a \\u0440\\u043e\\u0434\\u0438\\u043b\\u0430\\u0441\\u044c \\u0438\\u0434\\u0435\\u044f \\u0441\\u043e\\u0437\\u0434\\u0430\\u043d\\u0438\\u044f \\u0441\\u0442\\u0430\\u043d\\u043a\\u0430 \\u0438 \\u0441\\u043e\\u0432\\u043c\\u0435\\u0449\\u0435\\u043d\\u0438\\u044f \\u0435\\u0433\\u043e \\u0441 \\u043a\\u043e\\u043c\\u043f\\u044c\\u044e\\u0442\\u0435\\u0440\\u043d\\u043e\\u0439 \\u0438\\u0433\\u0440\\u043e\\u0439.\\r\\n\\r\\n\\u0421\\u043d\\u0430\\u0447\\u0430\\u043b\\u0430 \\u0440\\u0435\\u0431\\u0435\\u043d\\u043a\\u0430 \\u043c\\u043e\\u0436\\u043d\\u043e \\u0443\\u0432\\u043b\\u0435\\u0447\\u044c \\u0441\\u043e\\u0432\\u043c\\u0435\\u0441\\u0442\\u043d\\u044b\\u043c \\u0438\\u0437\\u0433\\u043e\\u0442\\u043e\\u0432\\u043b\\u0435\\u043d\\u0438\\u0435\\u043c, \\u0430 \\u0443\\u0436 \\u043a\\u0430\\u043a \\u0441\\u0434\\u0435\\u043b\\u0430\\u0435\\u0442\\u0435, \\u0442\\u043e \\u0440\\u0430\\u0434\\u043e\\u0441\\u0442\\u0438 \\u043d\\u0435\\u0442 \\u043f\\u0440\\u0435\\u0434\\u0435\\u043b\\u0430. \\u0418\\u0433\\u0440\\u043e\\u0432\\u043e\\u0439 \\u0430\\u0432\\u0442\\u043e\\u043c\\u0430\\u0442 \\u0443 \\u0432\\u0430\\u0441 \\u0434\\u043e\\u043c\\u0430!\\r\\n\\r\\n\\u041f\\u043e\\u044d\\u0442\\u043e\\u043c\\u0443 \\u0434\\u0435\\u043b\\u0430\\u0435\\u043c \\u0441\\u0442\\u0430\\u043d\\u043e\\u043a \\u0434\\u043b\\u044f \\u0432\\u0435\\u043b\\u043e\\u0441\\u0438\\u043f\\u0435\\u0434\\u0430 \\u0441\\u0432\\u043e\\u0438\\u043c\\u0438 \\u0440\\u0443\\u043a\\u0430\\u043c\\u0438 \\u0438 \\u0438\\u0437 \\u0442\\u043e\\u0433\\u043e, \\u0447\\u0442\\u043e \\u043d\\u0430\\u0439\\u0434\\u0435\\u0442\\u0441\\u044f \\u0432 \\u0437\\u0430\\u043a\\u0440\\u043e\\u043c\\u0430\\u0445 \\u043d\\u0430 \\u0431\\u0430\\u043b\\u043a\\u043e\\u043d\\u0435 (\\u041d\\u0443 \\u0438\\u043b\\u0438 \\u0432\\u044b\\u043d\\u0438\\u043c\\u0430\\u0435\\u043c \\u0438\\u0437 \\u0448\\u043a\\u0430\\u0444\\u0430 \\u043f\\u043e\\u043b\\u043a\\u0443-\\u0434\\u0440\\u0443\\u0433\\u0443\\u044e, \\u043d\\u0430\\u043f\\u0440\\u0438\\u043c\\u0435\\u0440).\", \"date\": \"2020-04-06T16:48:44.012Z\", \"header_image\": 29, \"post_tags\": [], \"categories\": []}",
    "approved_go_live_at": null
  }
},
{
  "model": "wagtailcore.pagerevision",
  "pk": 120,
  "fields": {
    "page": 28,
    "submitted_for_moderation": false,
    "created_at": "2020-04-16T15:26:38.474Z",
    "user": [
      "aleksey"
    ],
    "content_json": "{\"pk\": 28, \"path\": \"0001000100020004\", \"depth\": 4, \"numchild\": 0, \"title\": \"\\u041f\\u0435\\u0440\\u0432\\u044b\\u0439 \\u043a\\u0443\\u0440\\u0441\", \"slug\": \"\\u043f\\u0435\\u0440\\u0432\\u044b\\u0439-\\u043a\\u0443\\u0440\\u0441\", \"content_type\": 27, \"live\": true, \"has_unpublished_changes\": false, \"url_path\": \"/home/university/\\u043f\\u0435\\u0440\\u0432\\u044b\\u0439-\\u043a\\u0443\\u0440\\u0441/\", \"owner\": 2, \"seo_title\": \"\", \"show_in_menus\": false, \"search_description\": \"\", \"go_live_at\": null, \"expire_at\": null, \"expired\": false, \"locked\": false, \"first_published_at\": \"2020-04-06T13:50:55.697Z\", \"latest_revision_created_at\": \"2020-04-16T15:25:33.058Z\", \"body\": \"\\u0418\\u043d\\u0444\\u043e\\u043c\\u0430\\u0446\\u0438\\u044f \\u043e \\u043a\\u0443\\u0440\\u0441\\u0435 \\u0438 \\u0442.\\u0434.\\r\\n\\r\\n\\u0421\\u043c\\u043e\\u0442\\u0440\\u0438\\u0442\\u0435 \\u0434\\u0430\\u043b\\u0435\\u0435 .\\r\\n\\r\\n\\u041e\\u0431\\u043e\\u0441\\u043d\\u043e\\u0432\\u0430\\u043d\\u0438\\u0435\\r\\n\\r\\n\\u0421\\u0438\\u0434\\u0435\\u0442\\u044c, \\u0441\\u043f\\u043e\\u043a\\u043e\\u0439\\u043d\\u043e \\u0438 \\u0440\\u0438\\u0441\\u043e\\u0432\\u0430\\u0442\\u044c \\u0438\\u043b\\u0438 \\u0441\\u043e\\u0431\\u0438\\u0440\\u0430\\u0442\\u044c \\u043a\\u043e\\u043d\\u0441\\u0442\\u0440\\u0443\\u043a\\u0442\\u043e\\u0440\\u044b \\u0446\\u0435\\u043b\\u044b\\u0439 \\u0434\\u0435\\u043d\\u044c \\u043d\\u0435\\u0432\\u043e\\u0437\\u043c\\u043e\\u0436\\u043d\\u043e, \\u0434\\u0430 \\u0438 \\u0430\\u043a\\u0442\\u0438\\u0432\\u043d\\u044b\\u0435 \\u0438\\u0433\\u0440\\u044b \\u0442\\u043e\\u0436\\u0435 \\u043d\\u0435\\u043e\\u0431\\u0445\\u043e\\u0434\\u0438\\u043c\\u044b. \\u0412\\u0441\\u0435 \\u0434\\u0435\\u0442\\u0438 \\u043b\\u044e\\u0431\\u044f\\u0442 \\u0433\\u043e\\u043d\\u044f\\u0442\\u044c \\u043d\\u0430 \\u0432\\u0435\\u043b\\u0438\\u043a\\u0430\\u0445, \\u0441\\u0430\\u043c\\u043e\\u043a\\u0430\\u0442\\u0430\\u0445, \\u0431\\u0435\\u0433\\u0430\\u0442\\u044c \\u0438 \\u043f\\u0440\\u044b\\u0433\\u0430\\u0442\\u044c. \\u0414\\u043b\\u044f \\u043d\\u0430\\u043f\\u0440\\u0430\\u0432\\u043b\\u0435\\u043d\\u0438\\u044f \\u00ab\\u0447\\u0440\\u0435\\u0437\\u043c\\u0435\\u0440\\u043d\\u043e\\u0439\\u00bb \\u044d\\u043d\\u0435\\u0440\\u0433\\u0438\\u0438 \\u0434\\u0435\\u0442\\u0435\\u0439 \\u0432 \\u043f\\u043e\\u043b\\u0435\\u0437\\u043d\\u043e\\u0435 \\u0440\\u0443\\u0441\\u043b\\u043e \\u043f\\u0440\\u0438\\u0448\\u043b\\u0430 \\u043c\\u044b\\u0441\\u043b\\u044c \\u043f\\u043e\\u0441\\u0442\\u0430\\u0432\\u0438\\u0442\\u044c \\u0434\\u0435\\u0442\\u0441\\u043a\\u0438\\u0439 \\u0432\\u0435\\u043b\\u043e\\u0441\\u0438\\u043f\\u0435\\u0434 \\u043d\\u0430 \\u0441\\u0442\\u0430\\u043d\\u043e\\u043a, \\u043d\\u043e \\u043a\\u0430\\u043a\\u043e\\u0439 \\u0440\\u0435\\u0431\\u0435\\u043d\\u043e\\u043a \\u0431\\u0443\\u0434\\u0435\\u0442 \\u0441\\u0438\\u0434\\u0435\\u0442\\u044c \\u0438 \\u043f\\u0440\\u043e\\u0441\\u0442\\u043e \\u043a\\u0440\\u0443\\u0442\\u0438\\u0442\\u044c \\u043f\\u0435\\u0434\\u0430\\u043b\\u0438, \\u0433\\u043b\\u044f\\u0434\\u044f \\u0432 \\u0441\\u0442\\u0435\\u043d\\u0443? \\u041d\\u0438\\u043a\\u0430\\u043a\\u043e\\u0439! \\u0422\\u0430\\u043a \\u0440\\u043e\\u0434\\u0438\\u043b\\u0430\\u0441\\u044c \\u0438\\u0434\\u0435\\u044f \\u0441\\u043e\\u0437\\u0434\\u0430\\u043d\\u0438\\u044f \\u0441\\u0442\\u0430\\u043d\\u043a\\u0430 \\u0438 \\u0441\\u043e\\u0432\\u043c\\u0435\\u0449\\u0435\\u043d\\u0438\\u044f \\u0435\\u0433\\u043e \\u0441 \\u043a\\u043e\\u043c\\u043f\\u044c\\u044e\\u0442\\u0435\\u0440\\u043d\\u043e\\u0439 \\u0438\\u0433\\u0440\\u043e\\u0439.\\r\\n\\r\\n\\u0421\\u043d\\u0430\\u0447\\u0430\\u043b\\u0430 \\u0440\\u0435\\u0431\\u0435\\u043d\\u043a\\u0430 \\u043c\\u043e\\u0436\\u043d\\u043e \\u0443\\u0432\\u043b\\u0435\\u0447\\u044c \\u0441\\u043e\\u0432\\u043c\\u0435\\u0441\\u0442\\u043d\\u044b\\u043c \\u0438\\u0437\\u0433\\u043e\\u0442\\u043e\\u0432\\u043b\\u0435\\u043d\\u0438\\u0435\\u043c, \\u0430 \\u0443\\u0436 \\u043a\\u0430\\u043a \\u0441\\u0434\\u0435\\u043b\\u0430\\u0435\\u0442\\u0435, \\u0442\\u043e \\u0440\\u0430\\u0434\\u043e\\u0441\\u0442\\u0438 \\u043d\\u0435\\u0442 \\u043f\\u0440\\u0435\\u0434\\u0435\\u043b\\u0430. \\u0418\\u0433\\u0440\\u043e\\u0432\\u043e\\u0439 \\u0430\\u0432\\u0442\\u043e\\u043c\\u0430\\u0442 \\u0443 \\u0432\\u0430\\u0441 \\u0434\\u043e\\u043c\\u0430!\\r\\n\\r\\n\\u041f\\u043e\\u044d\\u0442\\u043e\\u043c\\u0443 \\u0434\\u0435\\u043b\\u0430\\u0435\\u043c \\u0441\\u0442\\u0430\\u043d\\u043e\\u043a \\u0434\\u043b\\u044f \\u0432\\u0435\\u043b\\u043e\\u0441\\u0438\\u043f\\u0435\\u0434\\u0430 \\u0441\\u0432\\u043e\\u0438\\u043c\\u0438 \\u0440\\u0443\\u043a\\u0430\\u043c\\u0438 \\u0438 \\u0438\\u0437 \\u0442\\u043e\\u0433\\u043e, \\u0447\\u0442\\u043e \\u043d\\u0430\\u0439\\u0434\\u0435\\u0442\\u0441\\u044f \\u0432 \\u0437\\u0430\\u043a\\u0440\\u043e\\u043c\\u0430\\u0445 \\u043d\\u0430 \\u0431\\u0430\\u043b\\u043a\\u043e\\u043d\\u0435 (\\u041d\\u0443 \\u0438\\u043b\\u0438 \\u0432\\u044b\\u043d\\u0438\\u043c\\u0430\\u0435\\u043c \\u0438\\u0437 \\u0448\\u043a\\u0430\\u0444\\u0430 \\u043f\\u043e\\u043b\\u043a\\u0443-\\u0434\\u0440\\u0443\\u0433\\u0443\\u044e, \\u043d\\u0430\\u043f\\u0440\\u0438\\u043c\\u0435\\u0440).\", \"date\": \"2020-04-06T16:48:44.012Z\", \"header_image\": 25, \"post_tags\": [], \"categories\": []}",
    "approved_go_live_at": null
  }
},
{
  "model": "wagtailcore.page",
  "pk": 1,
  "fields": {
    "path": "0001",
    "depth": 1,
    "numchild": 1,
    "title": "Root",
    "slug": "root",
    "content_type": [
      "wagtailcore",
      "page"
    ],
    "live": true,
    "has_unpublished_changes": false,
    "url_path": "/",
    "owner": null,
    "seo_title": "",
    "show_in_menus": false,
    "search_description": "",
    "go_live_at": null,
    "expire_at": null,
    "expired": false,
    "locked": false,
    "first_published_at": null,
    "latest_revision_created_at": null
  }
},
{
  "model": "wagtailcore.page",
  "pk": 3,
  "fields": {
    "path": "00010001",
    "depth": 2,
    "numchild": 1,
    "title": "Home",
    "slug": "home",
    "content_type": [
      "home",
      "homepage"
    ],
    "live": true,
    "has_unpublished_changes": false,
    "url_path": "/home/",
    "owner": null,
    "seo_title": "",
    "show_in_menus": false,
    "search_description": "",
    "go_live_at": null,
    "expire_at": null,
    "expired": false,
    "locked": false,
    "first_published_at": null,
    "latest_revision_created_at": null
  }
},
{
  "model": "wagtailcore.page",
  "pk": 24,
  "fields": {
    "path": "000100010002",
    "depth": 3,
    "numchild": 6,
    "title": "\u041a\u043e\u0440\u043f\u043e\u0440\u0430\u0442\u0438\u0432\u043d\u044b\u0439 \u0443\u043d\u0438\u0432\u0435\u0440\u0441\u0438\u0442\u0435\u0442",
    "slug": "university",
    "content_type": [
      "blog",
      "blogpage"
    ],
    "live": true,
    "has_unpublished_changes": false,
    "url_path": "/home/university/",
    "owner": [
      "aleksey"
    ],
    "seo_title": "",
    "show_in_menus": false,
    "search_description": "",
    "go_live_at": null,
    "expire_at": null,
    "expired": false,
    "locked": false,
    "first_published_at": "2020-04-06T12:56:31.306Z",
    "latest_revision_created_at": "2020-04-06T12:56:31.154Z"
  }
},
{
  "model": "wagtailcore.page",
  "pk": 26,
  "fields": {
    "path": "0001000100020002",
    "depth": 4,
    "numchild": 0,
    "title": "\u041e \u043a\u043e\u043c\u043f\u0430\u043d\u0438\u0438",
    "slug": "about-company",
    "content_type": [
      "blog",
      "landingpage"
    ],
    "live": true,
    "has_unpublished_changes": false,
    "url_path": "/home/university/about-company/",
    "owner": [
      "aleksey"
    ],
    "seo_title": "",
    "show_in_menus": false,
    "search_description": "",
    "go_live_at": null,
    "expire_at": null,
    "expired": false,
    "locked": false,
    "first_published_at": "2020-04-06T13:16:38.122Z",
    "latest_revision_created_at": "2020-04-06T14:54:37.997Z"
  }
},
{
  "model": "wagtailcore.page",
  "pk": 27,
  "fields": {
    "path": "0001000100020003",
    "depth": 4,
    "numchild": 0,
    "title": "\u0421\u043e\u0431\u044b\u0442\u0438\u0438",
    "slug": "event",
    "content_type": [
      "blog",
      "landingpage"
    ],
    "live": true,
    "has_unpublished_changes": false,
    "url_path": "/home/university/event/",
    "owner": [
      "aleksey"
    ],
    "seo_title": "",
    "show_in_menus": false,
    "search_description": "",
    "go_live_at": null,
    "expire_at": null,
    "expired": false,
    "locked": false,
    "first_published_at": "2020-04-06T13:39:34.830Z",
    "latest_revision_created_at": "2020-04-06T13:42:45.006Z"
  }
},
{
  "model": "wagtailcore.page",
  "pk": 28,
  "fields": {
    "path": "0001000100020004",
    "depth": 4,
    "numchild": 0,
    "title": "\u041f\u0435\u0440\u0432\u044b\u0439 \u043a\u0443\u0440\u0441",
    "slug": "\u043f\u0435\u0440\u0432\u044b\u0439-\u043a\u0443\u0440\u0441",
    "content_type": [
      "blog",
      "postpage"
    ],
    "live": true,
    "has_unpublished_changes": false,
    "url_path": "/home/university/\u043f\u0435\u0440\u0432\u044b\u0439-\u043a\u0443\u0440\u0441/",
    "owner": [
      "aleksey"
    ],
    "seo_title": "",
    "show_in_menus": false,
    "search_description": "",
    "go_live_at": null,
    "expire_at": null,
    "expired": false,
    "locked": false,
    "first_published_at": "2020-04-06T13:50:55.697Z",
    "latest_revision_created_at": "2020-04-16T15:26:38.474Z"
  }
},
{
  "model": "wagtailcore.page",
  "pk": 29,
  "fields": {
    "path": "0001000100020005",
    "depth": 4,
    "numchild": 0,
    "title": "\u0421\u0442\u0430\u0442\u044c\u044f 2",
    "slug": "\u0441\u0442\u0430\u0442\u044c\u044f-2",
    "content_type": [
      "blog",
      "postpage"
    ],
    "live": true,
    "has_unpublished_changes": false,
    "url_path": "/home/university/\u0441\u0442\u0430\u0442\u044c\u044f-2/",
    "owner": [
      "aleksey"
    ],
    "seo_title": "",
    "show_in_menus": false,
    "search_description": "",
    "go_live_at": null,
    "expire_at": null,
    "expired": false,
    "locked": false,
    "first_published_at": "2020-04-06T13:52:29.279Z",
    "latest_revision_created_at": "2020-04-06T13:59:08.200Z"
  }
},
{
  "model": "wagtailcore.page",
  "pk": 31,
  "fields": {
    "path": "0001000100020006",
    "depth": 4,
    "numchild": 0,
    "title": "\u0421\u0442\u0430\u0442\u044c\u044f 3",
    "slug": "\u0441\u0442\u0430\u0442\u044c\u044f-3",
    "content_type": [
      "blog",
      "postpage"
    ],
    "live": true,
    "has_unpublished_changes": false,
    "url_path": "/home/university/\u0441\u0442\u0430\u0442\u044c\u044f-3/",
    "owner": [
      "aleksey"
    ],
    "seo_title": "",
    "show_in_menus": true,
    "search_description": "",
    "go_live_at": null,
    "expire_at": null,
    "expired": false,
    "locked": false,
    "first_published_at": "2020-04-06T15:01:51.205Z",
    "latest_revision_created_at": "2020-04-06T15:03:57.750Z"
  }
},
{
  "model": "wagtailcore.page",
  "pk": 32,
  "fields": {
    "path": "0001000100020007",
    "depth": 4,
    "numchild": 0,
    "title": "\u0414\u043e\u043a\u0443\u043c\u0435\u043d\u0442\u044b",
    "slug": "documents",
    "content_type": [
      "blog",
      "landingpage"
    ],
    "live": true,
    "has_unpublished_changes": false,
    "url_path": "/home/university/documents/",
    "owner": [
      "aleksey"
    ],
    "seo_title": "",
    "show_in_menus": false,
    "search_description": "",
    "go_live_at": null,
    "expire_at": null,
    "expired": false,
    "locked": false,
    "first_published_at": "2020-04-06T15:18:13.487Z",
    "latest_revision_created_at": "2020-04-06T15:18:13.355Z"
  }
},
{
  "model": "wagtailimages.image",
  "pk": 25,
  "fields": {
    "collection": 1,
    "title": "hisory.jpg",
    "file": "original_images/7227b04c48ec70d5991cd44eb51d6692.jpeg",
    "width": 1200,
    "height": 638,
    "created_at": "2020-04-06T13:10:37.065Z",
    "uploaded_by_user": [
      "aleksey"
    ],
    "focal_point_x": null,
    "focal_point_y": null,
    "focal_point_width": null,
    "focal_point_height": null,
    "file_size": 117246
  }
},
{
  "model": "wagtailimages.image",
  "pk": 26,
  "fields": {
    "collection": 1,
    "title": "\u0441\u043e\u0431\u044b\u0442\u0438\u0435 1.jpg",
    "file": "original_images/phoca_thumb_l_33.jpg",
    "width": 423,
    "height": 600,
    "created_at": "2020-04-06T13:41:04.257Z",
    "uploaded_by_user": [
      "aleksey"
    ],
    "focal_point_x": null,
    "focal_point_y": null,
    "focal_point_width": null,
    "focal_point_height": null,
    "file_size": 191280
  }
},
{
  "model": "wagtailimages.image",
  "pk": 27,
  "fields": {
    "collection": 1,
    "title": "\u0441\u043e\u0431\u044b\u0442\u0438\u0435 2.jpg",
    "file": "original_images/phoca_thumb_l_ng_2016.jpg",
    "width": 424,
    "height": 600,
    "created_at": "2020-04-06T13:41:16.321Z",
    "uploaded_by_user": [
      "aleksey"
    ],
    "focal_point_x": null,
    "focal_point_y": null,
    "focal_point_width": null,
    "focal_point_height": null,
    "file_size": 146402
  }
},
{
  "model": "wagtailimages.image",
  "pk": 28,
  "fields": {
    "collection": 1,
    "title": "\u0434\u0435\u0434.jpg",
    "file": "original_images/ED21bvvWsAAfdCn.jpg",
    "width": 720,
    "height": 1009,
    "created_at": "2020-04-06T13:47:56.592Z",
    "uploaded_by_user": [
      "aleksey"
    ],
    "focal_point_x": null,
    "focal_point_y": null,
    "focal_point_width": null,
    "focal_point_height": null,
    "file_size": 108943
  }
},
{
  "model": "wagtailimages.image",
  "pk": 29,
  "fields": {
    "collection": 1,
    "title": "\u0438\u043b\u0430\u043d.jpg",
    "file": "original_images/b72dfa8b4.jpg",
    "width": 1200,
    "height": 900,
    "created_at": "2020-04-06T13:48:11.454Z",
    "uploaded_by_user": [
      "aleksey"
    ],
    "focal_point_x": null,
    "focal_point_y": null,
    "focal_point_width": null,
    "focal_point_height": null,
    "file_size": 101683
  }
},
{
  "model": "wagtailusers.userprofile",
  "pk": 1,
  "fields": {
    "user": [
      "aleksey"
    ],
    "submitted_notifications": true,
    "approved_notifications": true,
    "rejected_notifications": true,
    "preferred_language": "ru"
  }
},
{
  "model": "blog.landingpage",
  "pk": 26,
  "fields": {
    "body": "[{\"type\": \"two_columns\", \"value\": {\"left_column\": [{\"type\": \"heading\", \"value\": \"\\u0417\\u043d\\u0430\\u043a\\u043e\\u043c\\u0441\\u0442\\u0432\\u043e \\u0441 \\u043a\\u043e\\u043c\\u043f\\u0430\\u043d\\u0438\\u0435\\u0439\"}, {\"type\": \"paragraph\", \"value\": \"<p>\\u0417\\u0434\\u0435\\u0441\\u044c \\u043c\\u043e\\u0436\\u0435\\u0442 \\u0431\\u044b\\u0442\\u044c \\u043b\\u044e\\u0431\\u043e\\u0439 \\u0442\\u0435\\u043a\\u0441\\u0442 , \\u0438 \\u043f\\u0440\\u0438\\u043a\\u0440\\u0435\\u043f\\u043b\\u0435\\u043d\\u044b \\u043a\\u0430\\u0440\\u0442\\u0438\\u043d\\u043e\\u0447\\u043a\\u0438, \\u043a \\u043f\\u0440\\u0438\\u043c\\u0435\\u0440\\u0443</p><p><embed alt=\\\"hisory.jpg\\\" embedtype=\\\"image\\\" format=\\\"left\\\" id=\\\"25\\\"/><br/></p>\"}], \"right_column\": [{\"type\": \"heading\", \"value\": \"\\u041e\\u0441\\u043d\\u043e\\u0432\\u043d\\u044b\\u043c\\u0438 \\u0446\\u0435\\u043b\\u0438\"}, {\"type\": \"paragraph\", \"value\": \"<ol><li>\\u043f\\u0435\\u0440\\u0432\\u0430\\u044f</li><li>\\u0432\\u0442\\u043e\\u0440\\u0430\\u044f</li><li>\\u0442\\u0440\\u0435\\u0442\\u0438\\u044f</li></ol><embed alt=\\\"hisory.jpg\\\" embedtype=\\\"image\\\" format=\\\"right\\\" id=\\\"25\\\"/>\"}]}}, {\"type\": \"heading\", \"value\": \"\\u041c\\u0438\\u0441\\u0441\\u0438\\u044f\\u043c\\u0438 \\u0438 \\u0437\\u0430\\u0434\\u0430\\u0447\\u0430\\u043c\\u0438 \\u043a\\u043e\\u043c\\u043f\\u0430\\u043d\\u0438\\u0438\"}, {\"type\": \"paragraph\", \"value\": \"<p>\\u0442\\u0430\\u043a\\u0438\\u0435 \\u0442\\u043e , \\u0442\\u0430\\u043a\\u0438\\u0435 \\u0442\\u043e</p><p><embed alt=\\\"hisory.jpg\\\" embedtype=\\\"image\\\" format=\\\"fullwidth\\\" id=\\\"25\\\"/><br/></p>\"}, {\"type\": \"heading\", \"value\": \"\\u0430\\u0444\\u0446\\u0430\\u0444\\u0446\"}, {\"type\": \"paragraph\", \"value\": \"<p>1</p><p>1</p><p>1</p><p>1</p><p>1</p><p><br/></p><p>1</p><p>1</p><p>1</p><p><br/></p><p>1</p><p>1</p><p>1</p><p>1</p><p><br/></p><p>1</p><p><br/></p>\"}]"
  }
},
{
  "model": "blog.landingpage",
  "pk": 27,
  "fields": {
    "body": "[{\"type\": \"heading\", \"value\": \"\\u041a\\u0440\\u0430\\u0442\\u043a\\u0430\\u044f \\u043e\\u0431\\u0449\\u0430\\u044f \\u0438\\u043d\\u0444\\u043e\\u0440\\u043c\\u0430\\u0446\\u0438\\u044f\"}, {\"type\": \"two_columns\", \"value\": {\"left_column\": [{\"type\": \"image\", \"value\": 27}], \"right_column\": [{\"type\": \"image\", \"value\": 26}]}}, {\"type\": \"two_columns\", \"value\": {\"left_column\": [{\"type\": \"image\", \"value\": 26}], \"right_column\": [{\"type\": \"image\", \"value\": 27}]}}]"
  }
},
{
  "model": "blog.landingpage",
  "pk": 32,
  "fields": {
    "body": "[]"
  }
},
{
  "model": "blog.postpage",
  "pk": 28,
  "fields": {
    "body": "\u0418\u043d\u0444\u043e\u043c\u0430\u0446\u0438\u044f \u043e \u043a\u0443\u0440\u0441\u0435 \u0438 \u0442.\u0434.\r\n\r\n\u0421\u043c\u043e\u0442\u0440\u0438\u0442\u0435 \u0434\u0430\u043b\u0435\u0435 .\r\n\r\n\u041e\u0431\u043e\u0441\u043d\u043e\u0432\u0430\u043d\u0438\u0435\r\n\r\n\u0421\u0438\u0434\u0435\u0442\u044c, \u0441\u043f\u043e\u043a\u043e\u0439\u043d\u043e \u0438 \u0440\u0438\u0441\u043e\u0432\u0430\u0442\u044c \u0438\u043b\u0438 \u0441\u043e\u0431\u0438\u0440\u0430\u0442\u044c \u043a\u043e\u043d\u0441\u0442\u0440\u0443\u043a\u0442\u043e\u0440\u044b \u0446\u0435\u043b\u044b\u0439 \u0434\u0435\u043d\u044c \u043d\u0435\u0432\u043e\u0437\u043c\u043e\u0436\u043d\u043e, \u0434\u0430 \u0438 \u0430\u043a\u0442\u0438\u0432\u043d\u044b\u0435 \u0438\u0433\u0440\u044b \u0442\u043e\u0436\u0435 \u043d\u0435\u043e\u0431\u0445\u043e\u0434\u0438\u043c\u044b. \u0412\u0441\u0435 \u0434\u0435\u0442\u0438 \u043b\u044e\u0431\u044f\u0442 \u0433\u043e\u043d\u044f\u0442\u044c \u043d\u0430 \u0432\u0435\u043b\u0438\u043a\u0430\u0445, \u0441\u0430\u043c\u043e\u043a\u0430\u0442\u0430\u0445, \u0431\u0435\u0433\u0430\u0442\u044c \u0438 \u043f\u0440\u044b\u0433\u0430\u0442\u044c. \u0414\u043b\u044f \u043d\u0430\u043f\u0440\u0430\u0432\u043b\u0435\u043d\u0438\u044f \u00ab\u0447\u0440\u0435\u0437\u043c\u0435\u0440\u043d\u043e\u0439\u00bb \u044d\u043d\u0435\u0440\u0433\u0438\u0438 \u0434\u0435\u0442\u0435\u0439 \u0432 \u043f\u043e\u043b\u0435\u0437\u043d\u043e\u0435 \u0440\u0443\u0441\u043b\u043e \u043f\u0440\u0438\u0448\u043b\u0430 \u043c\u044b\u0441\u043b\u044c \u043f\u043e\u0441\u0442\u0430\u0432\u0438\u0442\u044c \u0434\u0435\u0442\u0441\u043a\u0438\u0439 \u0432\u0435\u043b\u043e\u0441\u0438\u043f\u0435\u0434 \u043d\u0430 \u0441\u0442\u0430\u043d\u043e\u043a, \u043d\u043e \u043a\u0430\u043a\u043e\u0439 \u0440\u0435\u0431\u0435\u043d\u043e\u043a \u0431\u0443\u0434\u0435\u0442 \u0441\u0438\u0434\u0435\u0442\u044c \u0438 \u043f\u0440\u043e\u0441\u0442\u043e \u043a\u0440\u0443\u0442\u0438\u0442\u044c \u043f\u0435\u0434\u0430\u043b\u0438, \u0433\u043b\u044f\u0434\u044f \u0432 \u0441\u0442\u0435\u043d\u0443? \u041d\u0438\u043a\u0430\u043a\u043e\u0439! \u0422\u0430\u043a \u0440\u043e\u0434\u0438\u043b\u0430\u0441\u044c \u0438\u0434\u0435\u044f \u0441\u043e\u0437\u0434\u0430\u043d\u0438\u044f \u0441\u0442\u0430\u043d\u043a\u0430 \u0438 \u0441\u043e\u0432\u043c\u0435\u0449\u0435\u043d\u0438\u044f \u0435\u0433\u043e \u0441 \u043a\u043e\u043c\u043f\u044c\u044e\u0442\u0435\u0440\u043d\u043e\u0439 \u0438\u0433\u0440\u043e\u0439.\r\n\r\n\u0421\u043d\u0430\u0447\u0430\u043b\u0430 \u0440\u0435\u0431\u0435\u043d\u043a\u0430 \u043c\u043e\u0436\u043d\u043e \u0443\u0432\u043b\u0435\u0447\u044c \u0441\u043e\u0432\u043c\u0435\u0441\u0442\u043d\u044b\u043c \u0438\u0437\u0433\u043e\u0442\u043e\u0432\u043b\u0435\u043d\u0438\u0435\u043c, \u0430 \u0443\u0436 \u043a\u0430\u043a \u0441\u0434\u0435\u043b\u0430\u0435\u0442\u0435, \u0442\u043e \u0440\u0430\u0434\u043e\u0441\u0442\u0438 \u043d\u0435\u0442 \u043f\u0440\u0435\u0434\u0435\u043b\u0430. \u0418\u0433\u0440\u043e\u0432\u043e\u0439 \u0430\u0432\u0442\u043e\u043c\u0430\u0442 \u0443 \u0432\u0430\u0441 \u0434\u043e\u043c\u0430!\r\n\r\n\u041f\u043e\u044d\u0442\u043e\u043c\u0443 \u0434\u0435\u043b\u0430\u0435\u043c \u0441\u0442\u0430\u043d\u043e\u043a \u0434\u043b\u044f \u0432\u0435\u043b\u043e\u0441\u0438\u043f\u0435\u0434\u0430 \u0441\u0432\u043e\u0438\u043c\u0438 \u0440\u0443\u043a\u0430\u043c\u0438 \u0438 \u0438\u0437 \u0442\u043e\u0433\u043e, \u0447\u0442\u043e \u043d\u0430\u0439\u0434\u0435\u0442\u0441\u044f \u0432 \u0437\u0430\u043a\u0440\u043e\u043c\u0430\u0445 \u043d\u0430 \u0431\u0430\u043b\u043a\u043e\u043d\u0435 (\u041d\u0443 \u0438\u043b\u0438 \u0432\u044b\u043d\u0438\u043c\u0430\u0435\u043c \u0438\u0437 \u0448\u043a\u0430\u0444\u0430 \u043f\u043e\u043b\u043a\u0443-\u0434\u0440\u0443\u0433\u0443\u044e, \u043d\u0430\u043f\u0440\u0438\u043c\u0435\u0440).",
    "date": "2020-04-06T16:48:44.012Z",
    "header_image": 25,
    "categories": []
  }
},
{
  "model": "blog.postpage",
  "pk": 29,
  "fields": {
    "body": "\u0421\u0442\u0430\u0442\u044c\u044f 2\r\n\u0421\u0442\u0430\u0442\u044c\u044f 2\r\n\u0421\u0442\u0430\u0442\u044c\u044f 2\u0421\u0442\u0430\u0442\u044c\u044f 2\r\n\u0421\u0442\u0430\u0442\u044c\u044f 2\r\n\u0421\u0442\u0430\u0442\u044c\u044f 2\r\n\u0421\u0442\u0430\u0442\u044c\u044f 2\u0421\u0442\u0430\u0442\u044c\u044f 2\r\n\u0421\u0442\u0430\u0442\u044c\u044f 2\r\n\u0421\u0442\u0430\u0442\u044c\u044f 2\u0421\u0442\u0430\u0442\u044c\u044f 2\u0421\u0442\u0430\u0442\u044c\u044f 2\u0421\u0442\u0430\u0442\u044c\u044f 2\u0421\u0442\u0430\u0442\u044c\u044f 2\r\n\u0421\u0442\u0430\u0442\u044c\u044f 2\r\n\u0421\u0442\u0430\u0442\u044c\u044f 2\r\n\u0421\u0442\u0430\u0442\u044c\u044f 2\r\n[](https://www.youtube.com/watch?v=SLV1B5Lzy48)\r\n\u0421\u0442\u0430\u0442\u044c\u044f 2\r\n\u0421\u0442\u0430\u0442\u044c\u044f 2\r\n\u0421\u0442\u0430\u0442\u044c\u044f 2\r\n\u0421\u0442\u0430\u0442\u044c\u044f 2\r\n\u0421\u0442\u0430\u0442\u044c\u044f 2",
    "date": "2020-04-06T16:52:28.659Z",
    "header_image": 28,
    "categories": [
      9
    ]
  }
},
{
  "model": "blog.postpage",
  "pk": 31,
  "fields": {
    "body": "\u0446\u043f\u0443\u0446\u043f\u0446\u0443\u043f\u0446\u0443\u043f\u0446\u0443\u043f\u0446\u0443\u043f\u0446\u0443\r\n1. \u0440\u043a\u0440\u0432\u043a\r\n2. \u0432\u043a\u0440\r\n3. \u0432\u043a\r\n4. \u0440\u0432\u043a\r\n5.[ \u0440\u0432\u043a](https://www.youtube.com/watch?v=SLV1B5Lzy48)\r\n6. \u0440\u0432\r\n7. \u0440\u0432",
    "date": "2020-04-06T18:01:50.823Z",
    "header_image": 27,
    "categories": [
      9,
      10,
      11
    ]
  }
},
{
  "model": "blog.blogpage",
  "pk": 24,
  "fields": {
    "description": ""
  }
},
{
  "model": "home.homepage",
  "pk": 3,
  "fields": {}
}
]
