[{"model": "blog.blogcategory", "pk": 9, "fields": {"name": "\u043e\u0431\u0440\u0430\u0431\u043e\u0442\u043a\u0430 \u0438\u043d\u0444\u043e\u0440\u043c\u0430\u0446\u0438\u0438", "slug": "information-processing"}}, {"model": "blog.blogcategory", "pk": 10, "fields": {"name": "\u0430\u0440\u0445\u0438\u0442\u0435\u043a\u0442\u0443\u0440\u0430 \u042d\u0412\u041c", "slug": "computer-architecture"}}, {"model": "blog.blogcategory", "pk": 11, "fields": {"name": "\u044f\u0437\u044b\u043a\u0438 \u043f\u0440\u043e\u0433\u0440\u0430\u043c\u043c\u0438\u0440\u043e\u0432\u0430\u043d\u0438\u044f", "slug": "computer-language"}}, {"model": "blog.blogcategory", "pk": 12, "fields": {"name": "\u0444\u0438\u0437\u0438\u0447\u0435\u0441\u043a\u0438\u0435 \u043e\u0441\u043d\u043e\u0432\u044b \u042d\u0412\u041c", "slug": "physical-basics-of-computers"}}, {"model": "blog.blogpagetag", "pk": 69, "fields": {"tag": 14, "content_object": 29}}, {"model": "blog.blogpagetag", "pk": 70, "fields": {"tag": 14, "content_object": 31}}, {"model": "blog.blogpagetag", "pk": 71, "fields": {"tag": 15, "content_object": 31}}, {"model": "wagtailembeds.embed", "pk": 1, "fields": {"url": "https://www.youtube.com/watch?v=s--yYkaU2ZY", "max_width": null, "type": "video", "html": "<iframe width=\"480\" height=\"270\" src=\"https://www.youtube.com/embed/s--yYkaU2ZY?feature=oembed\" frameborder=\"0\" allow=\"accelerometer; autoplay; encrypted-media; gyroscope; picture-in-picture\" allowfullscreen></iframe>", "title": "\u0410\u043b\u0435\u043a\u0441\u0435\u0439 \u041f\u0438\u0432\u043e\u0432\u0430\u0440\u043e\u0432. \u0427\u0442\u043e \u0441 \u0431\u0438\u0437\u043d\u0435\u0441\u043e\u043c \u043d\u0430 \u0443\u0434\u0430\u043b\u0451\u043d\u043a\u0435: \u0414\u043e\u0434\u043e \u043f\u0438\u0446\u0446\u0430, Setters, Black Star, \u042d\u043a\u043e\u043d\u0438\u043a\u0430, Bite,\u0412\u0438\u043b\u0433\u0443\u0434", "author_name": "\u0422\u0435\u043f\u0435\u0440\u044c \u042f \u0411\u043e\u0441\u0441!", "provider_name": "YouTube", "thumbnail_url": "https://i.ytimg.com/vi/s--yYkaU2ZY/hqdefault.jpg", "width": 480, "height": 270, "last_updated": "2020-04-16T14:46:29.473Z"}}, {"model": "wagtailimages.rendition", "pk": 79, "fields": {"filter_spec": "max-165x165", "file": "images/7227b04c48ec70d5991cd44eb51d6692.max-165x165.jpg", "width": 165, "height": 87, "focal_point_key": "", "image": 25}}, {"model": "wagtailimages.rendition", "pk": 80, "fields": {"filter_spec": "width-800", "file": "images/7227b04c48ec70d5991cd44eb51d6692.width-800.jpg", "width": 800, "height": 425, "focal_point_key": "", "image": 25}}, {"model": "wagtailimages.rendition", "pk": 81, "fields": {"filter_spec": "width-500", "file": "images/7227b04c48ec70d5991cd44eb51d6692.width-500.jpg", "width": 500, "height": 265, "focal_point_key": "", "image": 25}}, {"model": "wagtailimages.rendition", "pk": 82, "fields": {"filter_spec": "max-800x600", "file": "images/7227b04c48ec70d5991cd44eb51d6692.max-800x600.jpg", "width": 800, "height": 425, "focal_point_key": "", "image": 25}}, {"model": "wagtailimages.rendition", "pk": 83, "fields": {"filter_spec": "width-750", "file": "images/7227b04c48ec70d5991cd44eb51d6692.width-750.jpg", "width": 750, "height": 398, "focal_point_key": "", "image": 25}}, {"model": "wagtailimages.rendition", "pk": 84, "fields": {"filter_spec": "width-400", "file": "images/7227b04c48ec70d5991cd44eb51d6692.width-400.jpg", "width": 400, "height": 212, "focal_point_key": "", "image": 25}}, {"model": "wagtailimages.rendition", "pk": 85, "fields": {"filter_spec": "width-350", "file": "images/7227b04c48ec70d5991cd44eb51d6692.width-350.jpg", "width": 350, "height": 186, "focal_point_key": "", "image": 25}}, {"model": "wagtailimages.rendition", "pk": 86, "fields": {"filter_spec": "max-165x165", "file": "images/phoca_thumb_l_ng_2016.max-165x165.jpg", "width": 116, "height": 165, "focal_point_key": "", "image": 27}}, {"model": "wagtailimages.rendition", "pk": 87, "fields": {"filter_spec": "max-165x165", "file": "images/phoca_thumb_l_33.max-165x165.jpg", "width": 116, "height": 165, "focal_point_key": "", "image": 26}}, {"model": "wagtailimages.rendition", "pk": 88, "fields": {"filter_spec": "original", "file": "images/phoca_thumb_l_ng_2016.original.jpg", "width": 424, "height": 600, "focal_point_key": "", "image": 27}}, {"model": "wagtailimages.rendition", "pk": 89, "fields": {"filter_spec": "max-800x600", "file": "images/phoca_thumb_l_ng_2016.max-800x600.jpg", "width": 424, "height": 600, "focal_point_key": "", "image": 27}}, {"model": "wagtailimages.rendition", "pk": 90, "fields": {"filter_spec": "width-900", "file": "images/phoca_thumb_l_ng_2016.width-900.jpg", "width": 424, "height": 600, "focal_point_key": "", "image": 27}}, {"model": "wagtailimages.rendition", "pk": 91, "fields": {"filter_spec": "width-900", "file": "images/phoca_thumb_l_33.width-900.jpg", "width": 423, "height": 600, "focal_point_key": "", "image": 26}}, {"model": "wagtailimages.rendition", "pk": 92, "fields": {"filter_spec": "max-165x165", "file": "images/b72dfa8b4.max-165x165.jpg", "width": 165, "height": 123, "focal_point_key": "", "image": 29}}, {"model": "wagtailimages.rendition", "pk": 93, "fields": {"filter_spec": "max-165x165", "file": "images/ED21bvvWsAAfdCn.max-165x165.jpg", "width": 117, "height": 165, "focal_point_key": "", "image": 28}}, {"model": "wagtailimages.rendition", "pk": 94, "fields": {"filter_spec": "original", "file": "images/b72dfa8b4.original.jpg", "width": 1200, "height": 900, "focal_point_key": "", "image": 29}}, {"model": "wagtailimages.rendition", "pk": 95, "fields": {"filter_spec": "original", "file": "images/ED21bvvWsAAfdCn.original.jpg", "width": 720, "height": 1009, "focal_point_key": "", "image": 28}}, {"model": "wagtailimages.rendition", "pk": 96, "fields": {"filter_spec": "original", "file": "images/7227b04c48ec70d5991cd44eb51d6692.original.jpg", "width": 1200, "height": 638, "focal_point_key": "", "image": 25}}, {"model": "wagtailcore.site", "pk": 2, "fields": {"hostname": "localhost", "port": 80, "site_name": null, "root_page": 3, "is_default_site": true}}, {"model": "wagtailcore.collection", "pk": 1, "fields": {"path": "0001", "depth": 1, "numchild": 0, "name": "Root"}}, {"model": "taggit.tag", "pk": 7, "fields": {"name": "\u041a\u043d\u0443\u0442 \u0414\u043e\u043d\u0430\u043b\u044c\u0434 \u042d\u0440\u0432\u0438\u043d", "slug": "knuth-donald-ervin"}}, {"model": "taggit.tag", "pk": 8, "fields": {"name": "\u0421\u0430\u043c\u043e\u0439\u043b\u043e\u0432\u0430 \u0422\u0430\u0442\u044c\u044f\u043d\u0430 \u0410\u0440\u043a\u0430\u0434\u044c\u0435\u0432\u043d\u0430", "slug": "samoylova-tatyana-arkadyevna"}}, {"model": "taggit.tag", "pk": 9, "fields": {"name": "\u041c\u0443\u043d\u0435\u0440\u043c\u0430\u043d \u0412\u0438\u043a\u0442\u043e\u0440 \u0418\u043e\u0441\u0438\u0444\u043e\u0432\u0438\u0447", "slug": "munerman-viktor-iosifovich"}}, {"model": "taggit.tag", "pk": 10, "fields": {"name": "\u0413\u0435\u0439\u043b \u041c\u0430\u043a\u0434\u0430\u0443\u044d\u043b\u043b", "slug": "gail-mcdowell"}}, {"model": "taggit.tag", "pk": 11, "fields": {"name": "\u0421\u0442\u0438\u0432\u0435\u043d \u0421\u043a\u0438\u0435\u043d\u0430", "slug": "steven-skeena"}}, {"model": "taggit.tag", "pk": 14, "fields": {"name": "\u0434\u0435\u0434", "slug": "ded"}}, {"model": "taggit.tag", "pk": 15, "fields": {"name": "\u043f\u0435\u0440\u0432\u044b\u0439", "slug": "pervyi"}}, {"model": "auth.group", "pk": 1, "fields": {"name": "Moderators", "permissions": [1, 2, 3, 4, 5, 6, 7]}}, {"model": "auth.group", "pk": 2, "fields": {"name": "Editors", "permissions": [1, 2, 3, 4, 5, 6, 7]}}, {"model": "auth.user", "pk": 2, "fields": {"password": "pbkdf2_sha256$36000$N8FGuos8nKef$EZkxDYjX1pbeEgixa0868/FVy0+tqm5tyOvRTPbcko0=", "last_login": "2020-04-15T14:47:46.011Z", "is_superuser": true, "username": "aleksey", "first_name": "", "last_name": "", "email": "pavluickov@yandex.ru", "is_staff": true, "is_active": true, "date_joined": "2019-11-25T08:54:16.364Z", "groups": [], "user_permissions": []}}, {"model": "sessions.session", "pk": "399jrg0tsu6nmevrlhzc4gglonv46use", "fields": {"session_data": "N2NjMGFiNTgzNTEyYjg4NzY5NjgwNjBhMDJhNDljM2MxNTFjYTRlZDp7Il9hdXRoX3VzZXJfaWQiOiIyIiwiX2F1dGhfdXNlcl9iYWNrZW5kIjoiZGphbmdvLmNvbnRyaWIuYXV0aC5iYWNrZW5kcy5Nb2RlbEJhY2tlbmQiLCJfYXV0aF91c2VyX2hhc2giOiJiZThlNWQ2YmUwNTc2MDJiZmFjNTNmOTM0Y2I5ZjdlN2NhNjI5NmY3Iiwid2FndGFpbC1wcmV2aWV3LTExIjpbeyJjc3JmbWlkZGxld2FyZXRva2VuIjpbInQxWFM0eE9pcUI4N2NrR25yVjJOWkRHMTNjZDA2T3B3MHU0ckpvbnR0VXR3N0RDSHVUZDcwVmFrcUdIY1hDSEIiXSwibmV4dCI6WyIiXSwidGl0bGUiOlsiMTAgXHUwNDMyXHUwNDMwXHUwNDM2XHUwNDNkXHUwNDRiXHUwNDQ1IFx1MDQzZVx1MDQzMVx1MDQzNVx1MDQ0OVx1MDQzMFx1MDQzZFx1MDQzOFx1MDQzOSBcdTA0NDFcdTA0MzVcdTA0MzFcdTA0MzUgXHUwNDNmXHUwNDM1XHUwNDQwXHUwNDM1XHUwNDM0IFx1MDQxZFx1MDQzZVx1MDQzMlx1MDQ0Ylx1MDQzYyBcdTA0MzNcdTA0M2VcdTA0MzRcdTA0M2VcdTA0M2MgMTAgXHUwNDMyXHUwNDMwXHUwNDM2XHUwNDNkXHUwNDRiXHUwNDQ1IFx1MDQzZVx1MDQzMVx1MDQzNVx1MDQ0OVx1MDQzMFx1MDQzZFx1MDQzOFx1MDQzOSBcdTA0NDFcdTA0MzVcdTA0MzFcdTA0MzUgXHUwNDNkXHUwNDMwIFx1MDQxZFx1MDQzZVx1MDQzMlx1MDQ0Ylx1MDQzOSBcdTA0MzNcdTA0M2VcdTA0MzQiXSwiaGVhZGVyX2ltYWdlIjpbIjExIl0sImJvZHkiOlsiXHUwNDIyXHUwNDMwXHUwNDNhIFx1MDQ0M1x1MDQzNiBcdTA0M2ZcdTA0M2VcdTA0MzJcdTA0MzVcdTA0M2JcdTA0M2VcdTA0NDFcdTA0NGMsIFx1MDQ0N1x1MDQ0Mlx1MDQzZSBcdTA0NDEgXHUwNDFkXHUwNDNlXHUwNDMyXHUwNDNlXHUwNDMzXHUwNDNlIFx1MDQzM1x1MDQzZVx1MDQzNFx1MDQzMCBcdTA0M2NcdTA0NGIgXHUwNDNkXHUwNDMwXHUwNDQ3XHUwNDM4XHUwNDNkXHUwNDMwXHUwNDM1XHUwNDNjIFx1MDQzZFx1MDQzZVx1MDQzMlx1MDQ0M1x1MDQ0ZSBcdTA0MzZcdTA0MzhcdTA0MzdcdTA0M2RcdTA0NGM6IFx1MDQ0MVx1MDQ0Mlx1MDQ0MFx1MDQzZVx1MDQzOFx1MDQzYyBcdTA0M2ZcdTA0M2JcdTA0MzBcdTA0M2RcdTA0NGIsIFx1MDQzN1x1MDQzMFx1MDQzM1x1MDQzMFx1MDQzNFx1MDQ0Ylx1MDQzMlx1MDQzMFx1MDQzNVx1MDQzYyBcdTA0MzZcdTA0MzVcdTA0M2JcdTA0MzBcdTA0M2RcdTA0MzhcdTA0NGYgXHUwNDM4IFx1MDQzNFx1MDQzMFx1MDQzNVx1MDQzYyBcdTA0M2VcdTA0MzFcdTA0MzVcdTA0NDlcdTA0MzBcdTA0M2RcdTA0MzhcdTA0NGYuIFx1MDQyN1x1MDQ0Mlx1MDQzZS1cdTA0NDJcdTA0M2UgXHUwNDM4XHUwNDQxXHUwNDNmXHUwNDNlXHUwNDNiXHUwNDNkXHUwNDRmXHUwNDM1XHUwNDQyXHUwNDQxXHUwNDRmLCBcdTA0MzAgXHUwNDQ3XHUwNDQyXHUwNDNlLVx1MDQ0Mlx1MDQzZSBcdTA0NDJcdTA0MzBcdTA0M2EgXHUwNDM4IFx1MDQzZVx1MDQ0MVx1MDQ0Mlx1MDQzMFx1MDQzNVx1MDQ0Mlx1MDQ0MVx1MDQ0ZiBcdTA0MzIgXHUwNDNjXHUwNDM1XHUwNDQ3XHUwNDQyXHUwNDMwXHUwNDQ1LiBcdTA0MTJcdTA0M2VcdTA0NDIgXHUwNDNkXHUwNDM1XHUwNDQxXHUwNDNhXHUwNDNlXHUwNDNiXHUwNDRjXHUwNDNhXHUwNDNlIFx1MDQzOFx1MDQzNFx1MDQzNVx1MDQzOSBcdTA0MzJcdTA0MzBcdTA0MzZcdTA0M2RcdTA0NGJcdTA0NDUgXHUwNDNkXHUwNDNlXHUwNDMyXHUwNDNlXHUwNDMzXHUwNDNlXHUwNDM0XHUwNDNkXHUwNDM4XHUwNDQ1IFx1MDQzZVx1MDQzMVx1MDQzNVx1MDQ0OVx1MDQzMFx1MDQzZFx1MDQzOFx1MDQzOSBcdTA0NDFcdTA0MzBcdTA0M2NcdTA0M2VcdTA0M2NcdTA0NDMgXHUwNDQxXHUwNDM1XHUwNDMxXHUwNDM1LiBcclxuXHJcbjEuICAgXHUwNDFmXHUwNDQwXHUwNDNlXHUwNDMyXHUwNDNlXHUwNDM0XHUwNDM4XHUwNDQyXHUwNDM1IFx1MDQzMVx1MDQzZVx1MDQzYlx1MDQ0Y1x1MDQ0OFx1MDQzNSBcdTA0MzJcdTA0NDBcdTA0MzVcdTA0M2NcdTA0MzVcdTA0M2RcdTA0MzggXHUwNDQxIFx1MDQzMVx1MDQzYlx1MDQzOFx1MDQzN1x1MDQzYVx1MDQzOFx1MDQzY1x1MDQzOC4gXHUwNDJkXHUwNDQyXHUwNDNlIFx1MDQzMlx1MDQ0MFx1MDQzNVx1MDQzY1x1MDQ0ZiBcdTA0MzFcdTA0MzVcdTA0NDFcdTA0NDZcdTA0MzVcdTA0M2RcdTA0M2RcdTA0M2UsIFx1MDQzMCBcdTA0MzZcdTA0MzhcdTA0MzdcdTA0M2RcdTA0NGMgXHUwNDQxXHUwNDNhXHUwNDNlXHUwNDQwXHUwNDNlXHUwNDQyXHUwNDM1XHUwNDQ3XHUwNDNkXHUwNDMwLiBcdTA0MWZcdTA0M2VcdTA0M2NcdTA0M2RcdTA0MzhcdTA0NDJcdTA0MzUgXHUwNDNlIFx1MDQ0Mlx1MDQzZVx1MDQzYywgXHUwNDQ3XHUwNDQyXHUwNDNlIFx1MDQzNFx1MDQzNVx1MDQzOVx1MDQ0MVx1MDQ0Mlx1MDQzMlx1MDQzOFx1MDQ0Mlx1MDQzNVx1MDQzYlx1MDQ0Y1x1MDQzZFx1MDQzZSBcdTA0MzJcdTA0MzBcdTA0MzZcdTA0M2RcdTA0M2UuIDEwIFx1MDQzMlx1MDQzMFx1MDQzNlx1MDQzZFx1MDQ0Ylx1MDQ0NSBcdTA0M2VcdTA0MzFcdTA0MzVcdTA0NDlcdTA0MzBcdTA0M2RcdTA0MzhcdTA0MzkgXHUwNDQxXHUwNDM1XHUwNDMxXHUwNDM1IFx1MDQzZFx1MDQzMCBcdTA0MWRcdTA0M2VcdTA0MzJcdTA0NGJcdTA0MzkgXHUwNDMzXHUwNDNlXHUwNDM0LlxyXG4gMi4gIFx1MDQxZFx1MDQzMFx1MDQ0M1x1MDQ0N1x1MDQzOFx1MDQ0Mlx1MDQzNVx1MDQ0MVx1MDQ0YyBcdTA0M2FcdTA0MzBcdTA0NDdcdTA0MzVcdTA0NDFcdTA0NDJcdTA0MzJcdTA0MzVcdTA0M2RcdTA0M2RcdTA0M2UgXHUwNDNlXHUwNDQyXHUwNDM0XHUwNDRiXHUwNDQ1XHUwNDMwXHUwNDQyXHUwNDRjLiBcdTA0MWZcdTA0NDNcdTA0NDFcdTA0NDJcdTA0NGMgXHUwNDRkXHUwNDQyXHUwNDNlIFx1MDQzMVx1MDQ0M1x1MDQzNFx1MDQzNVx1MDQ0MiBcdTA0M2RcdTA0MzVcdTA0MzFcdTA0M2VcdTA0M2JcdTA0NGNcdTA0NDhcdTA0M2VcdTA0MzUgXHUwNDNhXHUwNDNlXHUwNDNiXHUwNDM4XHUwNDQ3XHUwNDM1XHUwNDQxXHUwNDQyXHUwNDMyXHUwNDNlIFx1MDQzMlx1MDQ0MFx1MDQzNVx1MDQzY1x1MDQzNVx1MDQzZFx1MDQzOCwgXHUwNDNkXHUwNDNlIFx1MDQzNVx1MDQzM1x1MDQzZSBcdTA0M2RcdTA0NDNcdTA0MzZcdTA0M2RcdTA0M2UgXHUwNDMyXHUwNDRiXHUwNDM0XHUwNDM1XHUwNDNiXHUwNDRmXHUwNDQyXHUwNDRjIFx1MDQ0MFx1MDQzNVx1MDQzM1x1MDQ0M1x1MDQzYlx1MDQ0Zlx1MDQ0MFx1MDQzZFx1MDQzZSwgXHUwNDM4XHUwNDNkXHUwNDMwXHUwNDQ3XHUwNDM1IFx1MDQzZFx1MDQzNSBcdTA0M2VcdTA0NDFcdTA0NDJcdTA0MzBcdTA0M2RcdTA0MzVcdTA0NDJcdTA0NDFcdTA0NGYgXHUwNDQxXHUwNDM4XHUwNDNiIFx1MDQzNFx1MDQzMFx1MDQzNlx1MDQzNSBcdTA0M2RcdTA0MzAgXHUwNDQxXHUwNDMwXHUwNDNjXHUwNDRiXHUwNDM1IFx1MDQzZlx1MDQ0MFx1MDQzZVx1MDQ0MVx1MDQ0Mlx1MDQ0Ylx1MDQzNSBcdTA0NDBcdTA0MzBcdTA0MzRcdTA0M2VcdTA0NDFcdTA0NDJcdTA0MzguIFx1MDQxYVx1MDQ0MVx1MDQ0Mlx1MDQzMFx1MDQ0Mlx1MDQzOCwgXHUwNDNlIFx1MDQzZFx1MDQzOFx1MDQ0NVx1MjAyNiAxMCBcdTA0MzJcdTA0MzBcdTA0MzZcdTA0M2RcdTA0NGJcdTA0NDUgXHUwNDNlXHUwNDMxXHUwNDM1XHUwNDQ5XHUwNDMwXHUwNDNkXHUwNDM4XHUwNDM5IFx1MDQ0MVx1MDQzNVx1MDQzMVx1MDQzNSBcdTA0M2RcdTA0MzAgXHUwNDFkXHUwNDNlXHUwNDMyXHUwNDRiXHUwNDM5IFx1MDQzM1x1MDQzZVx1MDQzNC4uLlxyXG4gMy4gIFx1MDQyMFx1MDQzMFx1MDQzNFx1MDQzZVx1MDQzMlx1MDQzMFx1MDQ0Mlx1MDQ0Y1x1MDQ0MVx1MDQ0ZiBcdTA0M2NcdTA0MzVcdTA0M2JcdTA0M2VcdTA0NDdcdTA0MzBcdTA0M2MuIFx1MDQxYVx1MDQ0MFx1MDQzMFx1MDQ0MVx1MDQzOFx1MDQzMlx1MDQ0Ylx1MDQzOSBcdTA0MzdcdTA0MzBcdTA0M2FcdTA0MzBcdTA0NDIsIFx1MDQ0M1x1MDQzYlx1MDQ0Ylx1MDQzMVx1MDQzYVx1MDQzMCBcdTA0MzJcdTA0MzBcdTA0NDhcdTA0MzVcdTA0MzNcdTA0M2UgXHUwNDQwXHUwNDM1XHUwNDMxXHUwNDM1XHUwNDNkXHUwNDNhXHUwNDMwLCBcdTA0MzdcdTA0MzBcdTA0M2ZcdTA0MzBcdTA0NDUgXHUwNDMwXHUwNDNmXHUwNDM1XHUwNDNiXHUwNDRjXHUwNDQxXHUwNDM4XHUwNDNkXHUwNDMwIFx1MDQzOFx1MDQzYlx1MDQzOCBcdTA0NGZcdTA0MzFcdTA0M2JcdTA0M2VcdTA0M2FcdTA0MzAgXHUyMDEzIFx1MDQzZFx1MDQzMFx1MDQ0MVx1MDQzYlx1MDQzMFx1MDQzNlx1MDQzNFx1MDQzMFx1MDQ0Mlx1MDQ0Y1x1MDQ0MVx1MDQ0ZiBcdTA0NGRcdTA0NDJcdTA0MzhcdTA0M2NcdTA0MzggXHUwNDMyXHUwNDM1XHUwNDQ5XHUwNDMwXHUwNDNjXHUwNDM4IFx1MDQzZFx1MDQzOFx1MDQ0N1x1MDQzNVx1MDQzM1x1MDQzZSBcdTA0M2RcdTA0MzUgXHUwNDQxXHUwNDQyXHUwNDNlXHUwNDM4XHUwNDQyLCBcdTA0M2RcdTA0M2UgXHUwNDNlXHUwNDNkXHUwNDM4IFx1MDQzNFx1MDQzNVx1MDQzYlx1MDQzMFx1MDQ0ZVx1MDQ0MiBcdTA0M2RcdTA0MzBcdTA0NDhcdTA0NDMgXHUwNDM2XHUwNDM4XHUwNDM3XHUwNDNkXHUwNDRjIFx1MDQ0Zlx1MDQ0MFx1MDQzYVx1MDQzZVx1MDQzOS4gMTAgXHUwNDMyXHUwNDMwXHUwNDM2XHUwNDNkXHUwNDRiXHUwNDQ1IFx1MDQzZVx1MDQzMVx1MDQzNVx1MDQ0OVx1MDQzMFx1MDQzZFx1MDQzOFx1MDQzOSBcdTA0NDFcdTA0MzVcdTA0MzFcdTA0MzUgXHUwNDNkXHUwNDMwIFx1MDQxZFx1MDQzZVx1MDQzMlx1MDQ0Ylx1MDQzOSBcdTA0MzNcdTA0M2VcdTA0MzQuXHJcbiA0LiAgXHUwNDFkXHUwNDMwXHUwNDNiXHUwNDMwXHUwNDM0XHUwNDM4XHUwNDQyXHUwNDRjIFx1MDQ0MVx1MDQzMlx1MDQzZVx1MDQzOSBcdTA0NDBcdTA0MzVcdTA0MzZcdTA0MzhcdTA0M2MgXHUwNDM0XHUwNDNkXHUwNDRmIFx1MDQzOCBcdTA0NDBcdTA0MzBcdTA0NDFcdTA0M2ZcdTA0MzhcdTA0NDFcdTA0MzBcdTA0M2RcdTA0MzhcdTA0MzUuIFx1MDQyMFx1MDQzNVx1MDQzNlx1MDQzOFx1MDQzYyBcdTA0M2RcdTA0MzVcdTA0M2VcdTA0MzFcdTA0NDVcdTA0M2VcdTA0MzRcdTA0MzhcdTA0M2MgXHUwNDNkXHUwNDM1IFx1MDQ0Mlx1MDQzZVx1MDQzYlx1MDQ0Y1x1MDQzYVx1MDQzZSBcdTA0M2NcdTA0MzBcdTA0M2JcdTA0MzVcdTA0M2RcdTA0NGNcdTA0M2FcdTA0MzhcdTA0M2MgXHUwNDM0XHUwNDM1XHUwNDQyXHUwNDRmXHUwNDNjLCBcdTA0M2RcdTA0M2UgXHUwNDM4IFx1MDQzMlx1MDQzN1x1MDQ0MFx1MDQzZVx1MDQ0MVx1MDQzYlx1MDQ0Ylx1MDQzYy4gXHUwNDEyXHUwNDRiIFx1MDQ0M1x1MDQzNFx1MDQzOFx1MDQzMlx1MDQzOFx1MDQ0Mlx1MDQzNVx1MDQ0MVx1MDQ0YyBcdTA0M2RcdTA0MzBcdTA0NDFcdTA0M2FcdTA0M2VcdTA0M2JcdTA0NGNcdTA0M2FcdTA0M2UgXHUwNDRkXHUwNDNkXHUwNDM1XHUwNDQwXHUwNDMzXHUwNDM4XHUwNDQ3XHUwNDNkXHUwNDM1XHUwNDM1IFx1MDQzMlx1MDQ0YiBcdTA0MzFcdTA0NDNcdTA0MzRcdTA0MzVcdTA0NDJcdTA0MzUgXHUwNDQxXHUwNDM1XHUwNDMxXHUwNDRmIFx1MDQ0N1x1MDQ0M1x1MDQzMlx1MDQ0MVx1MDQ0Mlx1MDQzMlx1MDQzZVx1MDQzMlx1MDQzMFx1MDQ0Mlx1MDQ0YywgXHUwNDM1XHUwNDQxXHUwNDNiXHUwNDM4IFx1MDQzMVx1MDQ0M1x1MDQzNFx1MDQzNVx1MDQ0Mlx1MDQzNSBcdTA0MzJcdTA0NDFcdTA0NDJcdTA0MzBcdTA0MzJcdTA0MzBcdTA0NDJcdTA0NGMgXHUwNDM4IFx1MDQzYlx1MDQzZVx1MDQzNlx1MDQzOFx1MDQ0Mlx1MDQ0Y1x1MDQ0MVx1MDQ0ZiBcdTA0MzIgXHUwNDNlXHUwNDM0XHUwNDNkXHUwNDNlIFx1MDQzOCBcdTA0NDJcdTA0M2UgXHUwNDM2XHUwNDM1IFx1MDQzMlx1MDQ0MFx1MDQzNVx1MDQzY1x1MDQ0Zi4gMTAgXHUwNDMyXHUwNDMwXHUwNDM2XHUwNDNkXHUwNDRiXHUwNDQ1IFx1MDQzZVx1MDQzMVx1MDQzNVx1MDQ0OVx1MDQzMFx1MDQzZFx1MDQzOFx1MDQzOSBcdTA0NDFcdTA0MzVcdTA0MzFcdTA0MzUgXHUwNDNkXHUwNDMwIFx1MDQxZFx1MDQzZVx1MDQzMlx1MDQ0Ylx1MDQzOSBcdTA0MzNcdTA0M2VcdTA0MzQuXHJcbjUuICBcdTA0MTdcdTA0MzBcdTA0M2RcdTA0NGZcdTA0NDJcdTA0NGNcdTA0NDFcdTA0NGYgXHUwNDQxXHUwNDNmXHUwNDNlXHUwNDQwXHUwNDQyXHUwNDNlXHUwNDNjLCBcdTA0MzVcdTA0NDFcdTA0M2JcdTA0MzggXHUwNDM1XHUwNDQ5XHUwNDM1IFx1MDQzZFx1MDQzNSBcdTA0M2RcdTA0MzBcdTA0NDdcdTA0MzBcdTA0M2JcdTA0MzguIFx1MDQxZFx1MDQzNSBcdTA0M2VcdTA0MzFcdTA0NGZcdTA0MzdcdTA0MzBcdTA0NDJcdTA0MzVcdTA0M2JcdTA0NGNcdTA0M2RcdTA0M2UgXHUwNDNmXHUwNDNlXHUwNDNhXHUwNDQzXHUwNDNmXHUwNDMwXHUwNDQyXHUwNDRjIFx1MDQzMFx1MDQzMVx1MDQzZVx1MDQzZFx1MDQzNVx1MDQzY1x1MDQzNVx1MDQzZFx1MDQ0MiBcdTA0MzIgXHUwNDQxXHUwNDNmXHUwNDNlXHUwNDQwXHUwNDQyXHUwNDM3XHUwNDMwXHUwNDNiIFx1MDQzOFx1MDQzYlx1MDQzOCBcdTA0MzFcdTA0MzVcdTA0MzNcdTA0MzBcdTA0NDJcdTA0NGMgXHUwNDNhXHUwNDMwXHUwNDM2XHUwNDM0XHUwNDNlXHUwNDM1IFx1MDQ0M1x1MDQ0Mlx1MDQ0MFx1MDQzZSBcdTA0M2ZcdTA0MzVcdTA0NDBcdTA0MzVcdTA0MzQgXHUwNDQwXHUwNDMwXHUwNDMxXHUwNDNlXHUwNDQyXHUwNDNlXHUwNDM5LiBcdTA0MWRcdTA0MzBcdTA0NDdcdTA0M2RcdTA0MzhcdTA0NDJcdTA0MzUgXHUwNDQxIFx1MDQ0MVx1MDQzMFx1MDQzY1x1MDQzZVx1MDQzM1x1MDQzZSBcdTA0M2NcdTA0MzBcdTA0M2JcdTA0M2VcdTA0MzNcdTA0M2U6IFx1MDQ0M1x1MDQzMlx1MDQzNVx1MDQzYlx1MDQzOFx1MDQ0N1x1MDQ0Y1x1MDQ0Mlx1MDQzNSBcdTA0M2FcdTA0M2VcdTA0M2JcdTA0MzhcdTA0NDdcdTA0MzVcdTA0NDFcdTA0NDJcdTA0MzJcdTA0M2UgXHUwNDNmXHUwNDM1XHUwNDQ4XHUwNDM4XHUwNDQ1IFx1MDQzZlx1MDQ0MFx1MDQzZVx1MDQzM1x1MDQ0M1x1MDQzYlx1MDQzZVx1MDQzYSwgXHUwNDM0XHUwNDM1XHUwNDNiXHUwNDMwXHUwNDM5XHUwNDQyXHUwNDM1IFx1MDQzZlx1MDQzZSBcdTA0NDNcdTA0NDJcdTA0NDBcdTA0MzBcdTA0M2MgXHUwNDNiXHUwNDM1XHUwNDMzXHUwNDNhXHUwNDQzXHUwNDRlIFx1MDQzM1x1MDQzOFx1MDQzY1x1MDQzZFx1MDQzMFx1MDQ0MVx1MDQ0Mlx1MDQzOFx1MDQzYVx1MDQ0My4gXHUwNDFhXHUwNDNlXHUwNDMzXHUwNDM0XHUwNDMwIFx1MDQzZlx1MDQ0MFx1MDQzOFx1MDQzMlx1MDQ0Ylx1MDQzYVx1MDQzZFx1MDQzOFx1MDQ0Mlx1MDQzNSwgXHUwNDMyXHUwNDNlXHUwNDM3XHUwNDNjXHUwNDNlXHUwNDM2XHUwNDNkXHUwNDNlLCBcdTA0MzJcdTA0MzBcdTA0M2MgXHUwNDM3XHUwNDMwXHUwNDQ1XHUwNDNlXHUwNDQ3XHUwNDM1XHUwNDQyXHUwNDQxXHUwNDRmIFx1MDQzMVx1MDQzZVx1MDQzYlx1MDQ0Y1x1MDQ0OFx1MDQzNVx1MDQzM1x1MDQzZS4gMTAgXHUwNDMyXHUwNDMwXHUwNDM2XHUwNDNkXHUwNDRiXHUwNDQ1IFx1MDQzZVx1MDQzMVx1MDQzNVx1MDQ0OVx1MDQzMFx1MDQzZFx1MDQzOFx1MDQzOSBcdTA0NDFcdTA0MzVcdTA0MzFcdTA0MzUgXHUwNDNkXHUwNDMwIFx1MDQxZFx1MDQzZVx1MDQzMlx1MDQ0Ylx1MDQzOSBcdTA0MzNcdTA0M2VcdTA0MzQuXHJcbiA2LiAgXHUwNDIzXHUwNDM0XHUwNDMwXHUwNDNiXHUwNDM4XHUwNDQyXHUwNDRjIFx1MDQzOFx1MDQzNyBcdTA0NDFcdTA0MzJcdTA0M2VcdTA0MzVcdTA0MzNcdTA0M2UgXHUwNDNlXHUwNDNhXHUwNDQwXHUwNDQzXHUwNDM2XHUwNDM1XHUwNDNkXHUwNDM4XHUwNDRmIFx1MDQzYlx1MDQ0ZVx1MDQzNFx1MDQzNVx1MDQzOSwgXHUwNDNhXHUwNDNlXHUwNDQyXHUwNDNlXHUwNDQwXHUwNDRiXHUwNDM1IFx1MDQzZlx1MDQzZVx1MDQzNFx1MDQ0MFx1MDQ0Ylx1MDQzMlx1MDQzMFx1MDQ0ZVx1MDQ0MiBcdTA0MzJcdTA0MzBcdTA0NDhcdTA0NDMgXHUwNDQxXHUwNDMwXHUwNDNjXHUwNDNlXHUwNDNlXHUwNDQ2XHUwNDM1XHUwNDNkXHUwNDNhXHUwNDQzLiBcdTA0MThcdTA0M2RcdTA0M2VcdTA0MzNcdTA0MzRcdTA0MzAgXHUwNDRkXHUwNDQyXHUwNDNlIFx1MDQ0MVx1MDQ0Mlx1MDQ0MFx1MDQzMFx1MDQ0OFx1MDQzZFx1MDQzZSBcdTA0NDFcdTA0MzRcdTA0MzVcdTA0M2JcdTA0MzBcdTA0NDJcdTA0NGMsIFx1MDQzZlx1MDQzZVx1MDQ0Mlx1MDQzZVx1MDQzY1x1MDQ0MywgXHUwNDQ3XHUwNDQyXHUwNDNlIFx1MDQzYVx1MDQzMFx1MDQzNlx1MDQzNVx1MDQ0Mlx1MDQ0MVx1MDQ0ZiBcdTA0NDdcdTA0NDJcdTA0M2UgXHUwNDRkXHUwNDQyXHUwNDNlIFx1MjAxMyBcdTA0M2ZcdTA0NDBcdTA0NGZcdTA0M2NcdTA0M2VcdTA0MzkgXHUwNDNmXHUwNDQzXHUwNDQyXHUwNDRjIFx1MDQzYSBcdTA0M2VcdTA0MzRcdTA0MzhcdTA0M2RcdTA0M2VcdTA0NDdcdTA0MzVcdTA0NDFcdTA0NDJcdTA0MzJcdTA0NDMuIFx1MDQxZVx1MDQzNFx1MDQzZFx1MDQzMFx1MDQzYVx1MDQzZSwgXHUwNDM1XHUwNDQxXHUwNDNiXHUwNDM4IFx1MDQzMlx1MDQ0YiBcdTA0NDJcdTA0MzJcdTA0MzVcdTA0NDBcdTA0MzRcdTA0M2UgXHUwNDQwXHUwNDM1XHUwNDQ4XHUwNDM4XHUwNDNiXHUwNDM4LCBcdTA0NDdcdTA0NDJcdTA0M2UgXHUwNDMxXHUwNDQzXHUwNDM0XHUwNDM1XHUwNDQyXHUwNDM1IFx1MDQzOFx1MDQ0MVx1MDQzYVx1MDQzMFx1MDQ0Mlx1MDQ0YyBcdTIwMWNcdTA0M2ZcdTA0M2VcdTA0MzRcdTA0MzRcdTA0MzVcdTA0NDBcdTA0MzZcdTA0MzhcdTA0MzJcdTA0MzBcdTA0NGVcdTA0NDlcdTA0MzVcdTA0MzVcdTIwMWQgXHUwNDNlXHUwNDNhXHUwNDQwXHUwNDQzXHUwNDM2XHUwNDM1XHUwNDNkXHUwNDM4XHUwNDM1LCBcdTA0MzJcdTA0NGIgXHUwNDNlXHUwNDMxXHUwNDRmXHUwNDM3XHUwNDMwXHUwNDQyXHUwNDM1XHUwNDNiXHUwNDRjXHUwNDNkXHUwNDNlIFx1MDQzZFx1MDQzMFx1MDQzOVx1MDQzNFx1MDQzNVx1MDQ0Mlx1MDQzNSBcdTA0M2RcdTA0M2VcdTA0MzJcdTA0NGJcdTA0NDUgXHUwNDM0XHUwNDQwXHUwNDQzXHUwNDM3XHUwNDM1XHUwNDM5LiAxMCBcdTA0MzJcdTA0MzBcdTA0MzZcdTA0M2RcdTA0NGJcdTA0NDUgXHUwNDNlXHUwNDMxXHUwNDM1XHUwNDQ5XHUwNDMwXHUwNDNkXHUwNDM4XHUwNDM5IFx1MDQ0MVx1MDQzNVx1MDQzMVx1MDQzNSBcdTA0M2RcdTA0MzAgXHUwNDFkXHUwNDNlXHUwNDMyXHUwNDRiXHUwNDM5IFx1MDQzM1x1MDQzZVx1MDQzNC5cclxuIDcuICBcdTA0MTJcdTA0NGJcdTA0M2FcdTA0MzhcdTA0M2RcdTA0NDNcdTA0NDJcdTA0NGMgXHUwNDQxXHUwNDQyXHUwNDMwXHUwNDQwXHUwNDRiXHUwNDM1IFx1MDQzMlx1MDQzNVx1MDQ0OVx1MDQzOCBcdTA0MzggXHUwNDNjXHUwNDQzXHUwNDQxXHUwNDNlXHUwNDQwLiBcdTA0MWFcdTA0M2VcdTA0M2NcdTA0M2NcdTA0MzVcdTA0M2RcdTA0NDJcdTA0MzhcdTA0NDBcdTA0M2VcdTA0MzJcdTA0MzBcdTA0NDJcdTA0NGMgXHUwNDM4XHUwNDM3XHUwNDNiXHUwNDM4XHUwNDQ4XHUwNDNkXHUwNDM1OiBcdTA0MzIgXHUwNDNkXHUwNDNlXHUwNDMyXHUwNDRiXHUwNDM5IFx1MDQzM1x1MDQzZVx1MDQzNCBcdTIwMTMgXHUwNDQxIFx1MDQ0N1x1MDQzOFx1MDQ0MVx1MDQ0Mlx1MDQ0Ylx1MDQzYyBcdTA0MzRcdTA0M2VcdTA0M2NcdTA0M2VcdTA0M2MgXHUwNDM4IFx1MDQ0MSBcdTA0MzNcdTA0M2VcdTA0NDJcdTA0M2VcdTA0MzJcdTA0M2RcdTA0M2VcdTA0NDFcdTA0NDJcdTA0NGNcdTA0NGUgXHUwNDMyXHUwNDNmXHUwNDQzXHUwNDQxXHUwNDQyXHUwNDM4XHUwNDQyXHUwNDRjIFx1MDQzZFx1MDQzZVx1MDQzMlx1MDQzZVx1MDQzNSBcdTA0MzIgXHUwNDQxXHUwNDMyXHUwNDNlXHUwNDRlIFx1MDQzNlx1MDQzOFx1MDQzN1x1MDQzZFx1MDQ0Yy4gMTAgXHUwNDMyXHUwNDMwXHUwNDM2XHUwNDNkXHUwNDRiXHUwNDQ1IFx1MDQzZVx1MDQzMVx1MDQzNVx1MDQ0OVx1MDQzMFx1MDQzZFx1MDQzOFx1MDQzOSBcdTA0NDFcdTA0MzVcdTA0MzFcdTA0MzUgXHUwNDNkXHUwNDMwIFx1MDQxZFx1MDQzZVx1MDQzMlx1MDQ0Ylx1MDQzOSBcdTA0MzNcdTA0M2VcdTA0MzQuXHJcbiA4LiAgXHUwNDFmXHUwNDQwXHUwNDM4XHUwNDNlXHUwNDMxXHUwNDQwXHUwNDM1XHUwNDQxXHUwNDQyXHUwNDM4IFx1MDQzZlx1MDQzZVx1MDQzYlx1MDQzNVx1MDQzN1x1MDQzZFx1MDQ0Ylx1MDQzOSBcdTA0M2RcdTA0MzBcdTA0MzJcdTA0NGJcdTA0M2EgXHUwNDM4XHUwNDNiXHUwNDM4IFx1MDQzZlx1MDQ0MFx1MDQzOFx1MDQzMlx1MDQ0Ylx1MDQ0N1x1MDQzYVx1MDQ0My4gXHUwNDEzXHUwNDNlXHUwNDMyXHUwNDNlXHUwNDQwXHUwNDRmXHUwNDQyLCBcdTA0NDdcdTA0NDJcdTA0M2UgXHUwNDNmXHUwNDQwXHUwNDM4XHUwNDMyXHUwNDRiXHUwNDQ3XHUwNDNhXHUwNDMwIFx1MDQ0NFx1MDQzZVx1MDQ0MFx1MDQzY1x1MDQzOFx1MDQ0MFx1MDQ0M1x1MDQzNVx1MDQ0Mlx1MDQ0MVx1MDQ0ZiBcdTA0MzIgXHUwNDQyXHUwNDM1XHUwNDQ3XHUwNDM1XHUwNDNkXHUwNDM4XHUwNDM1IDIxIFx1MDQzNFx1MDQzZFx1MDQ0Zi4gXHUwNDFmXHUwNDQwXHUwNDNlXHUwNDM0XHUwNDM1XHUwNDQwXHUwNDM2XHUwNDM4XHUwNDQyXHUwNDM1XHUwNDQxXHUwNDRjIDIxIFx1MDQzNFx1MDQzNVx1MDQzZFx1MDQ0YywgXHUwNDM4IFx1MDQzZlx1MDQzZVx1MDQ0Mlx1MDQzZVx1MDQzYyBcdTA0NDNcdTA0MzZcdTA0MzUgXHUwNDMxXHUwNDQzXHUwNDM0XHUwNDM1XHUwNDQyIFx1MDQzM1x1MDQzZVx1MDQ0MFx1MDQzMFx1MDQzN1x1MDQzNFx1MDQzZSBcdTA0M2JcdTA0MzVcdTA0MzNcdTA0NDdcdTA0MzUuIDEwIFx1MDQzMlx1MDQzMFx1MDQzNlx1MDQzZFx1MDQ0Ylx1MDQ0NSBcdTA0M2VcdTA0MzFcdTA0MzVcdTA0NDlcdTA0MzBcdTA0M2RcdTA0MzhcdTA0MzkgXHUwNDQxXHUwNDM1XHUwNDMxXHUwNDM1IFx1MDQzZFx1MDQzMCBcdTA0MWRcdTA0M2VcdTA0MzJcdTA0NGJcdTA0MzkgXHUwNDMzXHUwNDNlXHUwNDM0LlxyXG4gOS4gIFx1MDQxMlx1MDQ0Ylx1MDQzZlx1MDQzZVx1MDQzYlx1MDQzZFx1MDQzOFx1MDQ0Mlx1MDQ0YyBcdTA0MzJcdTA0NDFcdTA0MzVcdTA0MzNcdTA0M2UgXHUwNDNiXHUwNDM4XHUwNDQ4XHUwNDRjIFx1MDQzZVx1MDQzNFx1MDQzZFx1MDQ0MyBcdTA0MzJcdTA0MzBcdTA0MzZcdTA0M2RcdTA0NDNcdTA0NGUgXHUwNDQ2XHUwNDM1XHUwNDNiXHUwNDRjIFx1MDQzN1x1MDQzMCBcdTA0MzFcdTA0NDNcdTA0MzRcdTA0NDNcdTA0NDlcdTA0MzhcdTA0MzkgXHUwNDMzXHUwNDNlXHUwNDM0LiBcdTA0MWRcdTA0MzUgXHUwNDQxXHUwNDQyXHUwNDNlXHUwNDM4XHUwNDQyIFx1MDQ0MVx1MDQ0Mlx1MDQzMFx1MDQzMlx1MDQzOFx1MDQ0Mlx1MDQ0YyBcdTA0NDFcdTA0M2JcdTA0MzhcdTA0NDhcdTA0M2FcdTA0M2VcdTA0M2MgXHUwNDNjXHUwNDNkXHUwNDNlXHUwNDMzXHUwNDNlIFx1MDQ0Nlx1MDQzNVx1MDQzYlx1MDQzNVx1MDQzOS4gXHUwNDFmXHUwNDQwXHUwNDMwXHUwNDNhXHUwNDQyXHUwNDM4XHUwNDNhXHUwNDMwIFx1MDQzZlx1MDQzZVx1MDQzYVx1MDQzMFx1MDQzN1x1MDQ0Ylx1MDQzMlx1MDQzMFx1MDQzNVx1MDQ0MiwgXHUwNDQ3XHUwNDQyXHUwNDNlIFx1MDQ0N1x1MDQzNVx1MDQzYyBcdTA0MzFcdTA0M2VcdTA0M2JcdTA0NGNcdTA0NDhcdTA0MzUgXHUwNDNlXHUwNDMxXHUwNDM1XHUwNDQ5XHUwNDMwXHUwNDNkXHUwNDM4XHUwNDM5IFx1MDQzY1x1MDQ0YiBcdTA0NDFcdTA0MzVcdTA0MzFcdTA0MzUgXHUwNDM0XHUwNDMwXHUwNDM1XHUwNDNjLCBcdTA0NDJcdTA0MzVcdTA0M2MgXHUwNDNjXHUwNDM1XHUwNDNkXHUwNDRjXHUwNDQ4XHUwNDM1IFx1MDQ0OFx1MDQzMFx1MDQzZFx1MDQ0MVx1MDQzZVx1MDQzMiBcdTA0MzhcdTA0NDUgXHUwNDMyXHUwNDRiXHUwNDNmXHUwNDNlXHUwNDNiXHUwNDNkXHUwNDM4XHUwNDQyXHUwNDRjLiBcdTA0MWZcdTA0NDNcdTA0NDFcdTA0NDJcdTA0NGMgXHUwNDQ2XHUwNDM1XHUwNDNiXHUwNDRjIFx1MDQzMVx1MDQ0M1x1MDQzNFx1MDQzNVx1MDQ0MiBcdTA0M2VcdTA0MzRcdTA0M2RcdTA0MzAsIFx1MDQzZFx1MDQzZSBcdTA0NDdcdTA0MzVcdTA0NDJcdTA0M2FcdTA0MzBcdTA0NGYsIFx1MDQzZVx1MDQ0MVx1MDQ0M1x1MDQ0OVx1MDQzNVx1MDQ0MVx1MDQ0Mlx1MDQzMlx1MDQzOFx1MDQzY1x1MDQzMFx1MDQ0ZiwgXHUwNDNlXHUwNDNmXHUwNDQwXHUwNDM1XHUwNDM0XHUwNDM1XHUwNDNiXHUwNDM1XHUwNDNkXHUwNDNkXHUwNDMwXHUwNDRmIFx1MDQzZlx1MDQzZSBcdTA0NDFcdTA0NDBcdTA0M2VcdTA0M2FcdTA0MzBcdTA0M2MuIFx1MDQyMVx1MDQzNFx1MDQzNVx1MDQzYlx1MDQzMFx1MDQ0Mlx1MDQ0YyBcdTA0NDBcdTA0MzVcdTA0M2NcdTA0M2VcdTA0M2RcdTA0NDIsIFx1MDQzZlx1MDQzZVx1MDQzNVx1MDQ0NVx1MDQzMFx1MDQ0Mlx1MDQ0YyBcdTA0MzIgXHUwNDNmXHUwNDQzXHUwNDQyXHUwNDM1XHUwNDQ4XHUwNDM1XHUwNDQxXHUwNDQyXHUwNDMyXHUwNDM4XHUwNDM1LCBcdTA0MzdcdTA0MzBcdTA0M2RcdTA0NGZcdTA0NDJcdTA0NGMgXHUwNDNhXHUwNDMwXHUwNDNhXHUwNDQzXHUwNDRlLVx1MDQ0Mlx1MDQzZSBcdTA0MzRcdTA0M2VcdTA0M2JcdTA0MzZcdTA0M2RcdTA0M2VcdTA0NDFcdTA0NDJcdTA0NGMgXHUyMDEzIFx1MDQ0Nlx1MDQzNVx1MDQzYlx1MDQ0YyBcdTA0M2NcdTA0M2VcdTA0MzZcdTA0MzVcdTA0NDIgXHUwNDMxXHUwNDRiXHUwNDQyXHUwNDRjIFx1MDQzYlx1MDQ0ZVx1MDQzMVx1MDQzZVx1MDQzOS4gXHUwNDFkXHUwNDMwXHUwNDNmXHUwNDM4XHUwNDQ4XHUwNDM4XHUwNDQyXHUwNDM1IFx1MDQzZlx1MDQzYlx1MDQzMFx1MDQzZCBcdTA0MzVcdTA0MzUgXHUwNDNlXHUwNDQxXHUwNDQzXHUwNDQ5XHUwNDM1XHUwNDQxXHUwNDQyXHUwNDMyXHUwNDNiXHUwNDM1XHUwNDNkXHUwNDM4XHUwNDRmIFx1MDQzZlx1MDQzZSBcdTA0NDhcdTA0MzBcdTA0MzNcdTA0MzBcdTA0M2MgXHUwNDM4IFx1MDQzZFx1MDQzMFx1MDQ0N1x1MDQzOFx1MDQzZFx1MDQzMFx1MDQzOVx1MDQ0Mlx1MDQzNSBcdTA0NDEgMS1cdTA0MzNcdTA0M2UgXHUwNDRmXHUwNDNkXHUwNDMyXHUwNDMwXHUwNDQwXHUwNDRmLiAxMCBcdTA0MzJcdTA0MzBcdTA0MzZcdTA0M2RcdTA0NGJcdTA0NDUgXHUwNDNlXHUwNDMxXHUwNDM1XHUwNDQ5XHUwNDMwXHUwNDNkXHUwNDM4XHUwNDM5IFx1MDQ0MVx1MDQzNVx1MDQzMVx1MDQzNSBcdTA0M2RcdTA0MzAgXHUwNDFkXHUwNDNlXHUwNDMyXHUwNDRiXHUwNDM5IFx1MDQzM1x1MDQzZVx1MDQzNC5cclxuIDEwLiAgXHUwNDE0XHUwNDMwXHUwNDQwXHUwNDM4XHUwNDQyXHUwNDRjIFx1MDQzNFx1MDQzZVx1MDQzMVx1MDQ0MFx1MDQzZS4gXHUwNDFmXHUwNDQzXHUwNDQxXHUwNDQyXHUwNDRjIFx1MDQzZFx1MDQzNVx1MDQzMVx1MDQzZVx1MDQzYlx1MDQ0Y1x1MDQ0OFx1MDQzZVx1MDQzNTogXHUwNDNmXHUwNDNlXHUwNDNhXHUwNDNlXHUwNDQwXHUwNDNjXHUwNDM4XHUwNDQyXHUwNDRjIFx1MDQzM1x1MDQzZVx1MDQzYlx1MDQzZVx1MDQzNFx1MDQzZFx1MDQzZVx1MDQzM1x1MDQzZSBcdTA0M2FcdTA0M2VcdTA0NDJcdTA0MzAsIFx1MDQzZlx1MDQzNVx1MDQ0MFx1MDQzNVx1MDQzMlx1MDQzNVx1MDQ0MVx1MDQ0Mlx1MDQzOCBcdTA0MzFcdTA0MzBcdTA0MzFcdTA0NDNcdTA0NDhcdTA0M2FcdTA0NDMgXHUwNDQ3XHUwNDM1XHUwNDQwXHUwNDM1XHUwNDM3IFx1MDQzNFx1MDQzZVx1MDQ0MFx1MDQzZVx1MDQzM1x1MDQ0MywgXHUwNDNmXHUwNDNlXHUwNDM0XHUwNDQxXHUwNDNhXHUwNDMwXHUwNDM3XHUwNDMwXHUwNDQyXHUwNDRjIFx1MDQzZlx1MDQ0MFx1MDQzZVx1MDQ0NVx1MDQzZVx1MDQzNlx1MDQzNVx1MDQzY1x1MDQ0My4gXHUwNDFjXHUwNDNkXHUwNDNlXHUwNDMzXHUwNDNlIFx1MDQzZFx1MDQzNSBcdTA0M2RcdTA0MzBcdTA0MzRcdTA0M2UsIFx1MDQzNFx1MDQzNVx1MDQzYlx1MDQzMFx1MDQzOVx1MDQ0Mlx1MDQzNSBcdTA0NDJcdTA0M2UsIFx1MDQ0N1x1MDQ0Mlx1MDQzZSBcdTA0MzJcdTA0MzBcdTA0M2MgXHUwNDNmXHUwNDNlIFx1MDQ0MVx1MDQzOFx1MDQzYlx1MDQzMFx1MDQzYy4gXHUwNDE4IFx1MDQzZlx1MDQ0M1x1MDQ0MVx1MDQ0Mlx1MDQ0YyBcdTA0M2RcdTA0MzBcdTA0M2FcdTA0MzBcdTA0M2RcdTA0NDNcdTA0M2RcdTA0MzUgXHUwNDQ3XHUwNDQzXHUwNDM0XHUwNDM1XHUwNDQxXHUwNDNkXHUwNDNlXHUwNDMzXHUwNDNlIFx1MDQ0MVx1MDQzMlx1MDQzNVx1MDQ0Mlx1MDQzYlx1MDQzZVx1MDQzM1x1MDQzZSBcdTA0M2ZcdTA0NDBcdTA0MzBcdTA0MzdcdTA0MzRcdTA0M2RcdTA0MzhcdTA0M2FcdTA0MzAgXHUwNDQ3XHUwNDM1XHUwNDQwXHUwNDQxXHUwNDQyXHUwNDMyXHUwNDNlXHUwNDQxXHUwNDQyXHUwNDRjIFx1MDQzMiBcdTA0M2RcdTA0MzBcdTA0NDhcdTA0MzhcdTA0NDUgXHUwNDQxXHUwNDM1XHUwNDQwXHUwNDM0XHUwNDQ2XHUwNDMwXHUwNDQ1IFx1MDQ0MFx1MDQzMFx1MDQ0MVx1MDQ0Mlx1MDQzMFx1MDQzNVx1MDQ0MiBcdTA0NDEgXHUwNDNmXHUwNDM1XHUwNDQwXHUwNDMyXHUwNDRiXHUwNDNjIFx1MDQzN1x1MDQzMlx1MDQzZVx1MDQzZFx1MDQzYVx1MDQzOFx1MDQzYyBcdTA0NDRcdTA0MzVcdTA0MzlcdTA0MzVcdTA0NDBcdTA0MzJcdTA0MzVcdTA0NDBcdTA0M2FcdTA0M2VcdTA0M2MuIDEwIFx1MDQzMlx1MDQzMFx1MDQzNlx1MDQzZFx1MDQ0Ylx1MDQ0NSBcdTA0M2VcdTA0MzFcdTA0MzVcdTA0NDlcdTA0MzBcdTA0M2RcdTA0MzhcdTA0MzkgXHUwNDQxXHUwNDM1XHUwNDMxXHUwNDM1IFx1MDQzZFx1MDQzMCBcdTA0MWRcdTA0M2VcdTA0MzJcdTA0NGJcdTA0MzkgXHUwNDMzXHUwNDNlXHUwNDM0Il0sImNhdGVnb3JpZXMiOlsiNSJdLCJ0YWdzIjpbIlx1MDQzZFx1MDQzMFx1MDQ0MVx1MDQ0Mlx1MDQ0MFx1MDQzZVx1MDQzNVx1MDQzZFx1MDQzOFx1MDQzNSxcdTA0M2VcdTA0MzFcdTA0MzVcdTA0NDlcdTA0MzBcdTA0M2RcdTA0MzhcdTA0MzUiXSwic2x1ZyI6WyJwb3N0LXBhZ2UtMSJdLCJzZW9fdGl0bGUiOlsiIl0sInNlYXJjaF9kZXNjcmlwdGlvbiI6WyIiXSwiZ29fbGl2ZV9hdCI6WyIiXSwiZXhwaXJlX2F0IjpbIiJdfSwxNTc1MTg4MzMzLjM5MzA5NzldfQ==", "expire_date": "2019-12-15T08:18:53.423Z"}}, {"model": "sessions.session", "pk": "3gj2bb93le2lnchd6tm312787v8dsifq", "fields": {"session_data": "NTIwZWQ1MGNmYWQwZjcwNzViZmU5NjY0MGI5Zjk4ODQxZGYxOWIzYTp7Il9hdXRoX3VzZXJfaWQiOiIyIiwiX2F1dGhfdXNlcl9iYWNrZW5kIjoiZGphbmdvLmNvbnRyaWIuYXV0aC5iYWNrZW5kcy5Nb2RlbEJhY2tlbmQiLCJfYXV0aF91c2VyX2hhc2giOiJiZThlNWQ2YmUwNTc2MDJiZmFjNTNmOTM0Y2I5ZjdlN2NhNjI5NmY3Iiwid2FndGFpbC1wcmV2aWV3LWJsb2csbGFuZGluZ3BhZ2UsMjQiOlt7ImNzcmZtaWRkbGV3YXJldG9rZW4iOlsiSzVZdTNKdkVtbUJuZGc0bHFnTWhVS0FJTk5TcHNJNmFOMlk1TDMzY01ubFRINlNsV0p1NnJOZERoNDBnWm81aSJdLCJuZXh0IjpbIiJdLCJ0aXRsZSI6WyJxcXEiXSwiYm9keS1jb3VudCI6WyIzIl0sImJvZHktMC1kZWxldGVkIjpbIiJdLCJib2R5LTAtb3JkZXIiOlsiMCJdLCJib2R5LTAtdHlwZSI6WyJlbWJlZGRlZF92aWRlbyJdLCJib2R5LTAtdmFsdWUiOlsiaHR0cHM6Ly93d3cueW91dHViZS5jb20vd2F0Y2g/dj1zLS15WWthVTJaWSJdLCJib2R5LTEtZGVsZXRlZCI6WyIiXSwiYm9keS0xLW9yZGVyIjpbIjEiXSwiYm9keS0xLXR5cGUiOlsiaGVhZGluZyJdLCJib2R5LTEtdmFsdWUiOlsiXHUwNDE3XHUwNDMwXHUwNDMzXHUwNDNlXHUwNDNiXHUwNDNlXHUwNDMyXHUwNDNlXHUwNDNhICJdLCJib2R5LTItZGVsZXRlZCI6WyIiXSwiYm9keS0yLW9yZGVyIjpbIjIiXSwiYm9keS0yLXR5cGUiOlsicGFyYWdyYXBoIl0sImJvZHktMi12YWx1ZSI6WyI8cD5cdTA0MWZcdTA0M2VcdTA0MzRcdTA0NDBcdTA0M2VcdTA0MzFcdTA0M2RcdTA0M2VcdTA0MzUgXHUwNDNlXHUwNDNmXHUwNDM4XHUwNDQxXHUwNDMwXHUwNDNkXHUwNDM4XHUwNDM1PC9wPiJdLCJzbHVnIjpbInFxcSJdLCJzZW9fdGl0bGUiOlsiIl0sInNlYXJjaF9kZXNjcmlwdGlvbiI6WyIiXSwiZ29fbGl2ZV9hdCI6WyIiXSwiZXhwaXJlX2F0IjpbIiJdfSwxNTg3MDQ4Mzg5LjAzODEwNzldLCJ3YWd0YWlsLXByZXZpZXctMjgiOlt7ImNzcmZtaWRkbGV3YXJldG9rZW4iOlsiUlVvZ0ZlV01CQVJ6SkpLN1JYYWtrVlhJbWN3NU9FQ3ZVUm9Sbnl1azFCQjVkenk3bnFTOVJZQURRdEVXbGtCRCJdLCJuZXh0IjpbIiJdLCJ0aXRsZSI6WyJcdTA0MWZcdTA0MzVcdTA0NDBcdTA0MzJcdTA0NGJcdTA0MzkgXHUwNDNhXHUwNDQzXHUwNDQwXHUwNDQxIl0sImhlYWRlcl9pbWFnZSI6WyIyOSJdLCJib2R5IjpbIlx1MDQxOFx1MDQzZFx1MDQ0NFx1MDQzZVx1MDQzY1x1MDQzMFx1MDQ0Nlx1MDQzOFx1MDQ0ZiBcdTA0M2UgXHUwNDNhXHUwNDQzXHUwNDQwXHUwNDQxXHUwNDM1IFx1MDQzOCBcdTA0NDIuXHUwNDM0LlxyXG5cdTA0MjFcdTA0M2NcdTA0M2VcdTA0NDJcdTA0NDBcdTA0MzhcdTA0NDJcdTA0MzUgXHUwNDM0XHUwNDMwXHUwNDNiXHUwNDM1XHUwNDM1IFxyXG5cclxuXHUwNDFlXHUwNDMxXHUwNDNlXHUwNDQxXHUwNDNkXHUwNDNlXHUwNDMyXHUwNDMwXHUwNDNkXHUwNDM4XHUwNDM1XHJcblxyXG5cdTA0MjFcdTA0MzhcdTA0MzRcdTA0MzVcdTA0NDJcdTA0NGMsIFx1MDQ0MVx1MDQzZlx1MDQzZVx1MDQzYVx1MDQzZVx1MDQzOVx1MDQzZFx1MDQzZSBcdTA0MzggXHUwNDQwXHUwNDM4XHUwNDQxXHUwNDNlXHUwNDMyXHUwNDMwXHUwNDQyXHUwNDRjIFx1MDQzOFx1MDQzYlx1MDQzOCBcdTA0NDFcdTA0M2VcdTA0MzFcdTA0MzhcdTA0NDBcdTA0MzBcdTA0NDJcdTA0NGMgXHUwNDNhXHUwNDNlXHUwNDNkXHUwNDQxXHUwNDQyXHUwNDQwXHUwNDQzXHUwNDNhXHUwNDQyXHUwNDNlXHUwNDQwXHUwNDRiIFx1MDQ0Nlx1MDQzNVx1MDQzYlx1MDQ0Ylx1MDQzOSBcdTA0MzRcdTA0MzVcdTA0M2RcdTA0NGMgXHUwNDNkXHUwNDM1XHUwNDMyXHUwNDNlXHUwNDM3XHUwNDNjXHUwNDNlXHUwNDM2XHUwNDNkXHUwNDNlLCBcdTA0MzRcdTA0MzAgXHUwNDM4IFx1MDQzMFx1MDQzYVx1MDQ0Mlx1MDQzOFx1MDQzMlx1MDQzZFx1MDQ0Ylx1MDQzNSBcdTA0MzhcdTA0MzNcdTA0NDBcdTA0NGIgXHUwNDQyXHUwNDNlXHUwNDM2XHUwNDM1IFx1MDQzZFx1MDQzNVx1MDQzZVx1MDQzMVx1MDQ0NVx1MDQzZVx1MDQzNFx1MDQzOFx1MDQzY1x1MDQ0Yi4gXHUwNDEyXHUwNDQxXHUwNDM1IFx1MDQzNFx1MDQzNVx1MDQ0Mlx1MDQzOCBcdTA0M2JcdTA0NGVcdTA0MzFcdTA0NGZcdTA0NDIgXHUwNDMzXHUwNDNlXHUwNDNkXHUwNDRmXHUwNDQyXHUwNDRjIFx1MDQzZFx1MDQzMCBcdTA0MzJcdTA0MzVcdTA0M2JcdTA0MzhcdTA0M2FcdTA0MzBcdTA0NDUsIFx1MDQ0MVx1MDQzMFx1MDQzY1x1MDQzZVx1MDQzYVx1MDQzMFx1MDQ0Mlx1MDQzMFx1MDQ0NSwgXHUwNDMxXHUwNDM1XHUwNDMzXHUwNDMwXHUwNDQyXHUwNDRjIFx1MDQzOCBcdTA0M2ZcdTA0NDBcdTA0NGJcdTA0MzNcdTA0MzBcdTA0NDJcdTA0NGMuIFx1MDQxNFx1MDQzYlx1MDQ0ZiBcdTA0M2RcdTA0MzBcdTA0M2ZcdTA0NDBcdTA0MzBcdTA0MzJcdTA0M2JcdTA0MzVcdTA0M2RcdTA0MzhcdTA0NGYgXHUwMGFiXHUwNDQ3XHUwNDQwXHUwNDM1XHUwNDM3XHUwNDNjXHUwNDM1XHUwNDQwXHUwNDNkXHUwNDNlXHUwNDM5XHUwMGJiIFx1MDQ0ZFx1MDQzZFx1MDQzNVx1MDQ0MFx1MDQzM1x1MDQzOFx1MDQzOCBcdTA0MzRcdTA0MzVcdTA0NDJcdTA0MzVcdTA0MzkgXHUwNDMyIFx1MDQzZlx1MDQzZVx1MDQzYlx1MDQzNVx1MDQzN1x1MDQzZFx1MDQzZVx1MDQzNSBcdTA0NDBcdTA0NDNcdTA0NDFcdTA0M2JcdTA0M2UgXHUwNDNmXHUwNDQwXHUwNDM4XHUwNDQ4XHUwNDNiXHUwNDMwIFx1MDQzY1x1MDQ0Ylx1MDQ0MVx1MDQzYlx1MDQ0YyBcdTA0M2ZcdTA0M2VcdTA0NDFcdTA0NDJcdTA0MzBcdTA0MzJcdTA0MzhcdTA0NDJcdTA0NGMgXHUwNDM0XHUwNDM1XHUwNDQyXHUwNDQxXHUwNDNhXHUwNDM4XHUwNDM5IFx1MDQzMlx1MDQzNVx1MDQzYlx1MDQzZVx1MDQ0MVx1MDQzOFx1MDQzZlx1MDQzNVx1MDQzNCBcdTA0M2RcdTA0MzAgXHUwNDQxXHUwNDQyXHUwNDMwXHUwNDNkXHUwNDNlXHUwNDNhLCBcdTA0M2RcdTA0M2UgXHUwNDNhXHUwNDMwXHUwNDNhXHUwNDNlXHUwNDM5IFx1MDQ0MFx1MDQzNVx1MDQzMVx1MDQzNVx1MDQzZFx1MDQzZVx1MDQzYSBcdTA0MzFcdTA0NDNcdTA0MzRcdTA0MzVcdTA0NDIgXHUwNDQxXHUwNDM4XHUwNDM0XHUwNDM1XHUwNDQyXHUwNDRjIFx1MDQzOCBcdTA0M2ZcdTA0NDBcdTA0M2VcdTA0NDFcdTA0NDJcdTA0M2UgXHUwNDNhXHUwNDQwXHUwNDQzXHUwNDQyXHUwNDM4XHUwNDQyXHUwNDRjIFx1MDQzZlx1MDQzNVx1MDQzNFx1MDQzMFx1MDQzYlx1MDQzOCwgXHUwNDMzXHUwNDNiXHUwNDRmXHUwNDM0XHUwNDRmIFx1MDQzMiBcdTA0NDFcdTA0NDJcdTA0MzVcdTA0M2RcdTA0NDM/IFx1MDQxZFx1MDQzOFx1MDQzYVx1MDQzMFx1MDQzYVx1MDQzZVx1MDQzOSEgXHUwNDIyXHUwNDMwXHUwNDNhIFx1MDQ0MFx1MDQzZVx1MDQzNFx1MDQzOFx1MDQzYlx1MDQzMFx1MDQ0MVx1MDQ0YyBcdTA0MzhcdTA0MzRcdTA0MzVcdTA0NGYgXHUwNDQxXHUwNDNlXHUwNDM3XHUwNDM0XHUwNDMwXHUwNDNkXHUwNDM4XHUwNDRmIFx1MDQ0MVx1MDQ0Mlx1MDQzMFx1MDQzZFx1MDQzYVx1MDQzMCBcdTA0MzggXHUwNDQxXHUwNDNlXHUwNDMyXHUwNDNjXHUwNDM1XHUwNDQ5XHUwNDM1XHUwNDNkXHUwNDM4XHUwNDRmIFx1MDQzNVx1MDQzM1x1MDQzZSBcdTA0NDEgXHUwNDNhXHUwNDNlXHUwNDNjXHUwNDNmXHUwNDRjXHUwNDRlXHUwNDQyXHUwNDM1XHUwNDQwXHUwNDNkXHUwNDNlXHUwNDM5IFx1MDQzOFx1MDQzM1x1MDQ0MFx1MDQzZVx1MDQzOS5cclxuXHJcblx1MDQyMVx1MDQzZFx1MDQzMFx1MDQ0N1x1MDQzMFx1MDQzYlx1MDQzMCBcdTA0NDBcdTA0MzVcdTA0MzFcdTA0MzVcdTA0M2RcdTA0M2FcdTA0MzAgXHUwNDNjXHUwNDNlXHUwNDM2XHUwNDNkXHUwNDNlIFx1MDQ0M1x1MDQzMlx1MDQzYlx1MDQzNVx1MDQ0N1x1MDQ0YyBcdTA0NDFcdTA0M2VcdTA0MzJcdTA0M2NcdTA0MzVcdTA0NDFcdTA0NDJcdTA0M2RcdTA0NGJcdTA0M2MgXHUwNDM4XHUwNDM3XHUwNDMzXHUwNDNlXHUwNDQyXHUwNDNlXHUwNDMyXHUwNDNiXHUwNDM1XHUwNDNkXHUwNDM4XHUwNDM1XHUwNDNjLCBcdTA0MzAgXHUwNDQzXHUwNDM2IFx1MDQzYVx1MDQzMFx1MDQzYSBcdTA0NDFcdTA0MzRcdTA0MzVcdTA0M2JcdTA0MzBcdTA0MzVcdTA0NDJcdTA0MzUsIFx1MDQ0Mlx1MDQzZSBcdTA0NDBcdTA0MzBcdTA0MzRcdTA0M2VcdTA0NDFcdTA0NDJcdTA0MzggXHUwNDNkXHUwNDM1XHUwNDQyIFx1MDQzZlx1MDQ0MFx1MDQzNVx1MDQzNFx1MDQzNVx1MDQzYlx1MDQzMC4gXHUwNDE4XHUwNDMzXHUwNDQwXHUwNDNlXHUwNDMyXHUwNDNlXHUwNDM5IFx1MDQzMFx1MDQzMlx1MDQ0Mlx1MDQzZVx1MDQzY1x1MDQzMFx1MDQ0MiBcdTA0NDMgXHUwNDMyXHUwNDMwXHUwNDQxIFx1MDQzNFx1MDQzZVx1MDQzY1x1MDQzMCFcclxuXHJcblx1MDQxZlx1MDQzZVx1MDQ0ZFx1MDQ0Mlx1MDQzZVx1MDQzY1x1MDQ0MyBcdTA0MzRcdTA0MzVcdTA0M2JcdTA0MzBcdTA0MzVcdTA0M2MgXHUwNDQxXHUwNDQyXHUwNDMwXHUwNDNkXHUwNDNlXHUwNDNhIFx1MDQzNFx1MDQzYlx1MDQ0ZiBcdTA0MzJcdTA0MzVcdTA0M2JcdTA0M2VcdTA0NDFcdTA0MzhcdTA0M2ZcdTA0MzVcdTA0MzRcdTA0MzAgXHUwNDQxXHUwNDMyXHUwNDNlXHUwNDM4XHUwNDNjXHUwNDM4IFx1MDQ0MFx1MDQ0M1x1MDQzYVx1MDQzMFx1MDQzY1x1MDQzOCBcdTA0MzggXHUwNDM4XHUwNDM3IFx1MDQ0Mlx1MDQzZVx1MDQzM1x1MDQzZSwgXHUwNDQ3XHUwNDQyXHUwNDNlIFx1MDQzZFx1MDQzMFx1MDQzOVx1MDQzNFx1MDQzNVx1MDQ0Mlx1MDQ0MVx1MDQ0ZiBcdTA0MzIgXHUwNDM3XHUwNDMwXHUwNDNhXHUwNDQwXHUwNDNlXHUwNDNjXHUwNDMwXHUwNDQ1IFx1MDQzZFx1MDQzMCBcdTA0MzFcdTA0MzBcdTA0M2JcdTA0M2FcdTA0M2VcdTA0M2RcdTA0MzUgKFx1MDQxZFx1MDQ0MyBcdTA0MzhcdTA0M2JcdTA0MzggXHUwNDMyXHUwNDRiXHUwNDNkXHUwNDM4XHUwNDNjXHUwNDMwXHUwNDM1XHUwNDNjIFx1MDQzOFx1MDQzNyBcdTA0NDhcdTA0M2FcdTA0MzBcdTA0NDRcdTA0MzAgXHUwNDNmXHUwNDNlXHUwNDNiXHUwNDNhXHUwNDQzLVx1MDQzNFx1MDQ0MFx1MDQ0M1x1MDQzM1x1MDQ0M1x1MDQ0ZSwgXHUwNDNkXHUwNDMwXHUwNDNmXHUwNDQwXHUwNDM4XHUwNDNjXHUwNDM1XHUwNDQwKS4iXSwidGFncyI6WyIiXSwic2x1ZyI6WyJcdTA0M2ZcdTA0MzVcdTA0NDBcdTA0MzJcdTA0NGJcdTA0MzktXHUwNDNhXHUwNDQzXHUwNDQwXHUwNDQxIl0sInNlb190aXRsZSI6WyIiXSwic2VhcmNoX2Rlc2NyaXB0aW9uIjpbIiJdLCJnb19saXZlX2F0IjpbIiJdLCJleHBpcmVfYXQiOlsiIl19LDE1ODcwNTA3NzUuMzI3MTQyNV19", "expire_date": "2020-04-30T15:26:15.340Z"}}, {"model": "sessions.session", "pk": "4bz2phvnqoe6c7dolr1uutjnaphw61vc", "fields": {"session_data": "Zjg4YjZhZjM3ZTI5MWUwMzk4MzQyNWM3MjU4ZTIzNjFhYjg2YjUzYTp7Il9hdXRoX3VzZXJfaGFzaCI6ImQxNjVhYzE2ZWMwYzM2NWUzNGFlNjJhMTEyYzQxYzRjMTVlZWQ1YjciLCJfYXV0aF91c2VyX2JhY2tlbmQiOiJkamFuZ28uY29udHJpYi5hdXRoLmJhY2tlbmRzLk1vZGVsQmFja2VuZCIsIl9hdXRoX3VzZXJfaWQiOiIxIn0=", "expire_date": "2017-07-09T02:24:46.595Z"}}, {"model": "sessions.session", "pk": "7h7k6ctggkap3r54t5g68a1i9af2p45p", "fields": {"session_data": "Zjg4YjZhZjM3ZTI5MWUwMzk4MzQyNWM3MjU4ZTIzNjFhYjg2YjUzYTp7Il9hdXRoX3VzZXJfaGFzaCI6ImQxNjVhYzE2ZWMwYzM2NWUzNGFlNjJhMTEyYzQxYzRjMTVlZWQ1YjciLCJfYXV0aF91c2VyX2JhY2tlbmQiOiJkamFuZ28uY29udHJpYi5hdXRoLmJhY2tlbmRzLk1vZGVsQmFja2VuZCIsIl9hdXRoX3VzZXJfaWQiOiIxIn0=", "expire_date": "2017-07-07T07:24:36.602Z"}}, {"model": "sessions.session", "pk": "8ui13u6eonwejuyg0ka6164nmejyi0kq", "fields": {"session_data": "Zjg4YjZhZjM3ZTI5MWUwMzk4MzQyNWM3MjU4ZTIzNjFhYjg2YjUzYTp7Il9hdXRoX3VzZXJfaGFzaCI6ImQxNjVhYzE2ZWMwYzM2NWUzNGFlNjJhMTEyYzQxYzRjMTVlZWQ1YjciLCJfYXV0aF91c2VyX2JhY2tlbmQiOiJkamFuZ28uY29udHJpYi5hdXRoLmJhY2tlbmRzLk1vZGVsQmFja2VuZCIsIl9hdXRoX3VzZXJfaWQiOiIxIn0=", "expire_date": "2018-01-06T13:37:48.824Z"}}, {"model": "sessions.session", "pk": "9pyetgwl1hcj67jfrfosfggid7grybxm", "fields": {"session_data": "Zjg4YjZhZjM3ZTI5MWUwMzk4MzQyNWM3MjU4ZTIzNjFhYjg2YjUzYTp7Il9hdXRoX3VzZXJfaGFzaCI6ImQxNjVhYzE2ZWMwYzM2NWUzNGFlNjJhMTEyYzQxYzRjMTVlZWQ1YjciLCJfYXV0aF91c2VyX2JhY2tlbmQiOiJkamFuZ28uY29udHJpYi5hdXRoLmJhY2tlbmRzLk1vZGVsQmFja2VuZCIsIl9hdXRoX3VzZXJfaWQiOiIxIn0=", "expire_date": "2017-07-08T01:27:58.701Z"}}, {"model": "sessions.session", "pk": "hapdxf1pbtzw2xe47j3k4hn0f0xh64hn", "fields": {"session_data": "Zjg4YjZhZjM3ZTI5MWUwMzk4MzQyNWM3MjU4ZTIzNjFhYjg2YjUzYTp7Il9hdXRoX3VzZXJfaGFzaCI6ImQxNjVhYzE2ZWMwYzM2NWUzNGFlNjJhMTEyYzQxYzRjMTVlZWQ1YjciLCJfYXV0aF91c2VyX2JhY2tlbmQiOiJkamFuZ28uY29udHJpYi5hdXRoLmJhY2tlbmRzLk1vZGVsQmFja2VuZCIsIl9hdXRoX3VzZXJfaWQiOiIxIn0=", "expire_date": "2017-08-09T13:06:47.964Z"}}, {"model": "sessions.session", "pk": "makczg8o0t3b9vcyui1f2gviux84a385", "fields": {"session_data": "Zjg4YjZhZjM3ZTI5MWUwMzk4MzQyNWM3MjU4ZTIzNjFhYjg2YjUzYTp7Il9hdXRoX3VzZXJfaGFzaCI6ImQxNjVhYzE2ZWMwYzM2NWUzNGFlNjJhMTEyYzQxYzRjMTVlZWQ1YjciLCJfYXV0aF91c2VyX2JhY2tlbmQiOiJkamFuZ28uY29udHJpYi5hdXRoLmJhY2tlbmRzLk1vZGVsQmFja2VuZCIsIl9hdXRoX3VzZXJfaWQiOiIxIn0=", "expire_date": "2017-07-06T08:37:57.406Z"}}, {"model": "sessions.session", "pk": "mhre49tk7aj650bd65bqpm3o5icpbxqa", "fields": {"session_data": "Zjg4YjZhZjM3ZTI5MWUwMzk4MzQyNWM3MjU4ZTIzNjFhYjg2YjUzYTp7Il9hdXRoX3VzZXJfaGFzaCI6ImQxNjVhYzE2ZWMwYzM2NWUzNGFlNjJhMTEyYzQxYzRjMTVlZWQ1YjciLCJfYXV0aF91c2VyX2JhY2tlbmQiOiJkamFuZ28uY29udHJpYi5hdXRoLmJhY2tlbmRzLk1vZGVsQmFja2VuZCIsIl9hdXRoX3VzZXJfaWQiOiIxIn0=", "expire_date": "2017-07-06T12:47:04.854Z"}}, {"model": "sessions.session", "pk": "na5y2ev2ss0g1mc6inv13xifdjep6s14", "fields": {"session_data": "Zjg4YjZhZjM3ZTI5MWUwMzk4MzQyNWM3MjU4ZTIzNjFhYjg2YjUzYTp7Il9hdXRoX3VzZXJfaGFzaCI6ImQxNjVhYzE2ZWMwYzM2NWUzNGFlNjJhMTEyYzQxYzRjMTVlZWQ1YjciLCJfYXV0aF91c2VyX2JhY2tlbmQiOiJkamFuZ28uY29udHJpYi5hdXRoLmJhY2tlbmRzLk1vZGVsQmFja2VuZCIsIl9hdXRoX3VzZXJfaWQiOiIxIn0=", "expire_date": "2017-07-08T08:48:53.632Z"}}, {"model": "sessions.session", "pk": "nbo0bc3jwt0jcug94zojnauoxw3bwswg", "fields": {"session_data": "Zjg4YjZhZjM3ZTI5MWUwMzk4MzQyNWM3MjU4ZTIzNjFhYjg2YjUzYTp7Il9hdXRoX3VzZXJfaGFzaCI6ImQxNjVhYzE2ZWMwYzM2NWUzNGFlNjJhMTEyYzQxYzRjMTVlZWQ1YjciLCJfYXV0aF91c2VyX2JhY2tlbmQiOiJkamFuZ28uY29udHJpYi5hdXRoLmJhY2tlbmRzLk1vZGVsQmFja2VuZCIsIl9hdXRoX3VzZXJfaWQiOiIxIn0=", "expire_date": "2017-07-07T13:48:26.164Z"}}, {"model": "sessions.session", "pk": "nqj0ebzeglmt8wfwd1nm4e04xawqxicp", "fields": {"session_data": "MWJkYWVjMTVkODQ0NjI1ZjI1ZmZiNDRhN2M0MzAxM2M4M2Q5YjY5Zjp7Il9hdXRoX3VzZXJfaWQiOiIyIiwiX2F1dGhfdXNlcl9iYWNrZW5kIjoiZGphbmdvLmNvbnRyaWIuYXV0aC5iYWNrZW5kcy5Nb2RlbEJhY2tlbmQiLCJfYXV0aF91c2VyX2hhc2giOiJiZThlNWQ2YmUwNTc2MDJiZmFjNTNmOTM0Y2I5ZjdlN2NhNjI5NmY3In0=", "expire_date": "2020-02-24T11:53:11.235Z"}}, {"model": "sessions.session", "pk": "ov8mdz4zsjrfv10u8s4fs4lljkpd5514", "fields": {"session_data": "Zjg4YjZhZjM3ZTI5MWUwMzk4MzQyNWM3MjU4ZTIzNjFhYjg2YjUzYTp7Il9hdXRoX3VzZXJfaGFzaCI6ImQxNjVhYzE2ZWMwYzM2NWUzNGFlNjJhMTEyYzQxYzRjMTVlZWQ1YjciLCJfYXV0aF91c2VyX2JhY2tlbmQiOiJkamFuZ28uY29udHJpYi5hdXRoLmJhY2tlbmRzLk1vZGVsQmFja2VuZCIsIl9hdXRoX3VzZXJfaWQiOiIxIn0=", "expire_date": "2017-08-09T13:32:32.526Z"}}, {"model": "sessions.session", "pk": "qczch9p747w2eek2vjbw1aun09di905t", "fields": {"session_data": "Zjg4YjZhZjM3ZTI5MWUwMzk4MzQyNWM3MjU4ZTIzNjFhYjg2YjUzYTp7Il9hdXRoX3VzZXJfaGFzaCI6ImQxNjVhYzE2ZWMwYzM2NWUzNGFlNjJhMTEyYzQxYzRjMTVlZWQ1YjciLCJfYXV0aF91c2VyX2JhY2tlbmQiOiJkamFuZ28uY29udHJpYi5hdXRoLmJhY2tlbmRzLk1vZGVsQmFja2VuZCIsIl9hdXRoX3VzZXJfaWQiOiIxIn0=", "expire_date": "2017-07-08T08:59:36.971Z"}}, {"model": "wagtailcore.groupcollectionpermission", "pk": 1, "fields": {"group": 2, "collection": 1, "permission": 2}}, {"model": "wagtailcore.groupcollectionpermission", "pk": 2, "fields": {"group": 1, "collection": 1, "permission": 2}}, {"model": "wagtailcore.groupcollectionpermission", "pk": 3, "fields": {"group": 2, "collection": 1, "permission": 3}}, {"model": "wagtailcore.groupcollectionpermission", "pk": 4, "fields": {"group": 1, "collection": 1, "permission": 3}}, {"model": "wagtailcore.groupcollectionpermission", "pk": 5, "fields": {"group": 2, "collection": 1, "permission": 5}}, {"model": "wagtailcore.groupcollectionpermission", "pk": 6, "fields": {"group": 1, "collection": 1, "permission": 5}}, {"model": "wagtailcore.groupcollectionpermission", "pk": 7, "fields": {"group": 2, "collection": 1, "permission": 6}}, {"model": "wagtailcore.groupcollectionpermission", "pk": 8, "fields": {"group": 1, "collection": 1, "permission": 6}}, {"model": "wagtailcore.grouppagepermission", "pk": 1, "fields": {"group": 1, "page": 1, "permission_type": "add"}}, {"model": "wagtailcore.grouppagepermission", "pk": 2, "fields": {"group": 1, "page": 1, "permission_type": "edit"}}, {"model": "wagtailcore.grouppagepermission", "pk": 3, "fields": {"group": 1, "page": 1, "permission_type": "publish"}}, {"model": "wagtailcore.grouppagepermission", "pk": 4, "fields": {"group": 2, "page": 1, "permission_type": "add"}}, {"model": "wagtailcore.grouppagepermission", "pk": 5, "fields": {"group": 2, "page": 1, "permission_type": "edit"}}, {"model": "wagtailcore.grouppagepermission", "pk": 6, "fields": {"group": 1, "page": 1, "permission_type": "lock"}}, {"model": "wagtailcore.pagerevision", "pk": 99, "fields": {"page": 24, "submitted_for_moderation": false, "created_at": "2020-04-06T12:56:31.154Z", "user": 2, "content_json": "{\"pk\": 24, \"path\": \"000100010002\", \"depth\": 3, \"numchild\": 0, \"title\": \"\\u041a\\u043e\\u0440\\u043f\\u043e\\u0440\\u0430\\u0442\\u0438\\u0432\\u043d\\u044b\\u0439 \\u0443\\u043d\\u0438\\u0432\\u0435\\u0440\\u0441\\u0438\\u0442\\u0435\\u0442\", \"slug\": \"university\", \"content_type\": 28, \"live\": true, \"has_unpublished_changes\": false, \"url_path\": \"/home/university/\", \"owner\": 2, \"seo_title\": \"\", \"show_in_menus\": false, \"search_description\": \"\", \"go_live_at\": null, \"expire_at\": null, \"expired\": false, \"locked\": false, \"first_published_at\": null, \"latest_revision_created_at\": null, \"description\": \"\"}", "approved_go_live_at": null}}, {"model": "wagtailcore.pagerevision", "pk": 101, "fields": {"page": 26, "submitted_for_moderation": false, "created_at": "2020-04-06T13:16:37.957Z", "user": 2, "content_json": "{\"pk\": 26, \"path\": \"0001000100020002\", \"depth\": 4, \"numchild\": 0, \"title\": \"\\u041e \\u043a\\u043e\\u043c\\u043f\\u0430\\u043d\\u0438\\u0438\", \"slug\": \"\\u043e-\\u043a\\u043e\\u043c\\u043f\\u0430\\u043d\\u0438\\u0438\", \"content_type\": 32, \"live\": true, \"has_unpublished_changes\": false, \"url_path\": \"/home/university/\\u043e-\\u043a\\u043e\\u043c\\u043f\\u0430\\u043d\\u0438\\u0438/\", \"owner\": 2, \"seo_title\": \"\", \"show_in_menus\": false, \"search_description\": \"\", \"go_live_at\": null, \"expire_at\": null, \"expired\": false, \"locked\": false, \"first_published_at\": null, \"latest_revision_created_at\": null, \"body\": \"[{\\\"type\\\": \\\"two_columns\\\", \\\"value\\\": {\\\"left_column\\\": [{\\\"type\\\": \\\"heading\\\", \\\"value\\\": \\\"\\\\u0417\\\\u043d\\\\u0430\\\\u043a\\\\u043e\\\\u043c\\\\u0441\\\\u0442\\\\u0432\\\\u043e \\\\u0441 \\\\u043a\\\\u043e\\\\u043c\\\\u043f\\\\u0430\\\\u043d\\\\u0438\\\\u0435\\\\u0439\\\"}, {\\\"type\\\": \\\"paragraph\\\", \\\"value\\\": \\\"<p>\\\\u0417\\\\u0434\\\\u0435\\\\u0441\\\\u044c \\\\u043c\\\\u043e\\\\u0436\\\\u0435\\\\u0442 \\\\u0431\\\\u044b\\\\u0442\\\\u044c \\\\u043b\\\\u044e\\\\u0431\\\\u043e\\\\u0439 \\\\u0442\\\\u0435\\\\u043a\\\\u0441\\\\u0442 , \\\\u0438 \\\\u043f\\\\u0440\\\\u0438\\\\u043a\\\\u0440\\\\u0435\\\\u043f\\\\u043b\\\\u0435\\\\u043d\\\\u044b \\\\u043a\\\\u0430\\\\u0440\\\\u0442\\\\u0438\\\\u043d\\\\u043e\\\\u0447\\\\u043a\\\\u0438, \\\\u043a \\\\u043f\\\\u0440\\\\u0438\\\\u043c\\\\u0435\\\\u0440\\\\u0443<embed alt=\\\\\\\"hisory.jpg\\\\\\\" embedtype=\\\\\\\"image\\\\\\\" format=\\\\\\\"left\\\\\\\" id=\\\\\\\"25\\\\\\\"/></p>\\\"}], \\\"right_column\\\": [{\\\"type\\\": \\\"heading\\\", \\\"value\\\": \\\"\\\\u041e\\\\u0441\\\\u043d\\\\u043e\\\\u0432\\\\u043d\\\\u044b\\\\u043c\\\\u0438 \\\\u0446\\\\u0435\\\\u043b\\\\u0438\\\"}, {\\\"type\\\": \\\"paragraph\\\", \\\"value\\\": \\\"<ol><li>\\\\u043f\\\\u0435\\\\u0440\\\\u0432\\\\u0430\\\\u044f</li><li>\\\\u0432\\\\u0442\\\\u043e\\\\u0440\\\\u0430\\\\u044f</li><li>\\\\u0442\\\\u0440\\\\u0435\\\\u0442\\\\u0438\\\\u044f\\\\u00a0</li></ol>\\\"}]}}, {\\\"type\\\": \\\"heading\\\", \\\"value\\\": \\\"\\\\u041c\\\\u0438\\\\u0441\\\\u0441\\\\u0438\\\\u044f\\\\u043c\\\\u0438 \\\\u0438 \\\\u0437\\\\u0430\\\\u0434\\\\u0430\\\\u0447\\\\u0430\\\\u043c\\\\u0438 \\\\u043a\\\\u043e\\\\u043c\\\\u043f\\\\u0430\\\\u043d\\\\u0438\\\\u0438\\\"}, {\\\"type\\\": \\\"paragraph\\\", \\\"value\\\": \\\"<p>\\\\u0442\\\\u0430\\\\u043a\\\\u0438\\\\u0435 \\\\u0442\\\\u043e , \\\\u0442\\\\u0430\\\\u043a\\\\u0438\\\\u0435 \\\\u0442\\\\u043e</p>\\\"}]\"}", "approved_go_live_at": null}}, {"model": "wagtailcore.pagerevision", "pk": 102, "fields": {"page": 26, "submitted_for_moderation": false, "created_at": "2020-04-06T13:17:08.506Z", "user": 2, "content_json": "{\"pk\": 26, \"path\": \"0001000100020002\", \"depth\": 4, \"numchild\": 0, \"title\": \"\\u041e \\u043a\\u043e\\u043c\\u043f\\u0430\\u043d\\u0438\\u0438\", \"slug\": \"about-company\", \"content_type\": 32, \"live\": true, \"has_unpublished_changes\": false, \"url_path\": \"/home/university/\\u043e-\\u043a\\u043e\\u043c\\u043f\\u0430\\u043d\\u0438\\u0438/\", \"owner\": 2, \"seo_title\": \"\", \"show_in_menus\": false, \"search_description\": \"\", \"go_live_at\": null, \"expire_at\": null, \"expired\": false, \"locked\": false, \"first_published_at\": \"2020-04-06T13:16:38.122Z\", \"latest_revision_created_at\": \"2020-04-06T13:16:37.957Z\", \"body\": \"[{\\\"type\\\": \\\"two_columns\\\", \\\"value\\\": {\\\"left_column\\\": [{\\\"type\\\": \\\"heading\\\", \\\"value\\\": \\\"\\\\u0417\\\\u043d\\\\u0430\\\\u043a\\\\u043e\\\\u043c\\\\u0441\\\\u0442\\\\u0432\\\\u043e \\\\u0441 \\\\u043a\\\\u043e\\\\u043c\\\\u043f\\\\u0430\\\\u043d\\\\u0438\\\\u0435\\\\u0439\\\"}, {\\\"type\\\": \\\"paragraph\\\", \\\"value\\\": \\\"<p>\\\\u0417\\\\u0434\\\\u0435\\\\u0441\\\\u044c \\\\u043c\\\\u043e\\\\u0436\\\\u0435\\\\u0442 \\\\u0431\\\\u044b\\\\u0442\\\\u044c \\\\u043b\\\\u044e\\\\u0431\\\\u043e\\\\u0439 \\\\u0442\\\\u0435\\\\u043a\\\\u0441\\\\u0442 , \\\\u0438 \\\\u043f\\\\u0440\\\\u0438\\\\u043a\\\\u0440\\\\u0435\\\\u043f\\\\u043b\\\\u0435\\\\u043d\\\\u044b \\\\u043a\\\\u0430\\\\u0440\\\\u0442\\\\u0438\\\\u043d\\\\u043e\\\\u0447\\\\u043a\\\\u0438, \\\\u043a \\\\u043f\\\\u0440\\\\u0438\\\\u043c\\\\u0435\\\\u0440\\\\u0443<embed alt=\\\\\\\"hisory.jpg\\\\\\\" embedtype=\\\\\\\"image\\\\\\\" format=\\\\\\\"left\\\\\\\" id=\\\\\\\"25\\\\\\\"/></p>\\\"}], \\\"right_column\\\": [{\\\"type\\\": \\\"heading\\\", \\\"value\\\": \\\"\\\\u041e\\\\u0441\\\\u043d\\\\u043e\\\\u0432\\\\u043d\\\\u044b\\\\u043c\\\\u0438 \\\\u0446\\\\u0435\\\\u043b\\\\u0438\\\"}, {\\\"type\\\": \\\"paragraph\\\", \\\"value\\\": \\\"<ol><li>\\\\u043f\\\\u0435\\\\u0440\\\\u0432\\\\u0430\\\\u044f</li><li>\\\\u0432\\\\u0442\\\\u043e\\\\u0440\\\\u0430\\\\u044f</li><li>\\\\u0442\\\\u0440\\\\u0435\\\\u0442\\\\u0438\\\\u044f\\\\u00a0</li></ol>\\\"}]}}, {\\\"type\\\": \\\"heading\\\", \\\"value\\\": \\\"\\\\u041c\\\\u0438\\\\u0441\\\\u0441\\\\u0438\\\\u044f\\\\u043c\\\\u0438 \\\\u0438 \\\\u0437\\\\u0430\\\\u0434\\\\u0430\\\\u0447\\\\u0430\\\\u043c\\\\u0438 \\\\u043a\\\\u043e\\\\u043c\\\\u043f\\\\u0430\\\\u043d\\\\u0438\\\\u0438\\\"}, {\\\"type\\\": \\\"paragraph\\\", \\\"value\\\": \\\"<p>\\\\u0442\\\\u0430\\\\u043a\\\\u0438\\\\u0435 \\\\u0442\\\\u043e , \\\\u0442\\\\u0430\\\\u043a\\\\u0438\\\\u0435 \\\\u0442\\\\u043e</p>\\\"}]\"}", "approved_go_live_at": null}}, {"model": "wagtailcore.pagerevision", "pk": 103, "fields": {"page": 26, "submitted_for_moderation": false, "created_at": "2020-04-06T13:18:14.808Z", "user": 2, "content_json": "{\"pk\": 26, \"path\": \"0001000100020002\", \"depth\": 4, \"numchild\": 0, \"title\": \"\\u041e \\u043a\\u043e\\u043c\\u043f\\u0430\\u043d\\u0438\\u0438\", \"slug\": \"about-company\", \"content_type\": 32, \"live\": true, \"has_unpublished_changes\": false, \"url_path\": \"/home/university/about-company/\", \"owner\": 2, \"seo_title\": \"\", \"show_in_menus\": false, \"search_description\": \"\", \"go_live_at\": null, \"expire_at\": null, \"expired\": false, \"locked\": false, \"first_published_at\": \"2020-04-06T13:16:38.122Z\", \"latest_revision_created_at\": \"2020-04-06T13:17:08.506Z\", \"body\": \"[{\\\"type\\\": \\\"two_columns\\\", \\\"value\\\": {\\\"left_column\\\": [{\\\"type\\\": \\\"heading\\\", \\\"value\\\": \\\"\\\\u0417\\\\u043d\\\\u0430\\\\u043a\\\\u043e\\\\u043c\\\\u0441\\\\u0442\\\\u0432\\\\u043e \\\\u0441 \\\\u043a\\\\u043e\\\\u043c\\\\u043f\\\\u0430\\\\u043d\\\\u0438\\\\u0435\\\\u0439\\\"}, {\\\"type\\\": \\\"paragraph\\\", \\\"value\\\": \\\"<p>\\\\u0417\\\\u0434\\\\u0435\\\\u0441\\\\u044c \\\\u043c\\\\u043e\\\\u0436\\\\u0435\\\\u0442 \\\\u0431\\\\u044b\\\\u0442\\\\u044c \\\\u043b\\\\u044e\\\\u0431\\\\u043e\\\\u0439 \\\\u0442\\\\u0435\\\\u043a\\\\u0441\\\\u0442 , \\\\u0438 \\\\u043f\\\\u0440\\\\u0438\\\\u043a\\\\u0440\\\\u0435\\\\u043f\\\\u043b\\\\u0435\\\\u043d\\\\u044b \\\\u043a\\\\u0430\\\\u0440\\\\u0442\\\\u0438\\\\u043d\\\\u043e\\\\u0447\\\\u043a\\\\u0438, \\\\u043a \\\\u043f\\\\u0440\\\\u0438\\\\u043c\\\\u0435\\\\u0440\\\\u0443<embed alt=\\\\\\\"hisory.jpg\\\\\\\" embedtype=\\\\\\\"image\\\\\\\" format=\\\\\\\"fullwidth\\\\\\\" id=\\\\\\\"25\\\\\\\"/><embed alt=\\\\\\\"hisory.jpg\\\\\\\" embedtype=\\\\\\\"image\\\\\\\" format=\\\\\\\"left\\\\\\\" id=\\\\\\\"25\\\\\\\"/></p>\\\"}], \\\"right_column\\\": [{\\\"type\\\": \\\"heading\\\", \\\"value\\\": \\\"\\\\u041e\\\\u0441\\\\u043d\\\\u043e\\\\u0432\\\\u043d\\\\u044b\\\\u043c\\\\u0438 \\\\u0446\\\\u0435\\\\u043b\\\\u0438\\\"}, {\\\"type\\\": \\\"paragraph\\\", \\\"value\\\": \\\"<ol><li>\\\\u043f\\\\u0435\\\\u0440\\\\u0432\\\\u0430\\\\u044f</li><li>\\\\u0432\\\\u0442\\\\u043e\\\\u0440\\\\u0430\\\\u044f</li><li>\\\\u0442\\\\u0440\\\\u0435\\\\u0442\\\\u0438\\\\u044f\\\\u00a0</li></ol>\\\"}]}}, {\\\"type\\\": \\\"heading\\\", \\\"value\\\": \\\"\\\\u041c\\\\u0438\\\\u0441\\\\u0441\\\\u0438\\\\u044f\\\\u043c\\\\u0438 \\\\u0438 \\\\u0437\\\\u0430\\\\u0434\\\\u0430\\\\u0447\\\\u0430\\\\u043c\\\\u0438 \\\\u043a\\\\u043e\\\\u043c\\\\u043f\\\\u0430\\\\u043d\\\\u0438\\\\u0438\\\"}, {\\\"type\\\": \\\"paragraph\\\", \\\"value\\\": \\\"<p>\\\\u0442\\\\u0430\\\\u043a\\\\u0438\\\\u0435 \\\\u0442\\\\u043e , \\\\u0442\\\\u0430\\\\u043a\\\\u0438\\\\u0435 \\\\u0442\\\\u043e</p>\\\"}]\"}", "approved_go_live_at": null}}, {"model": "wagtailcore.pagerevision", "pk": 104, "fields": {"page": 26, "submitted_for_moderation": false, "created_at": "2020-04-06T13:27:07.012Z", "user": 2, "content_json": "{\"pk\": 26, \"path\": \"0001000100020002\", \"depth\": 4, \"numchild\": 0, \"title\": \"\\u041e \\u043a\\u043e\\u043c\\u043f\\u0430\\u043d\\u0438\\u0438\", \"slug\": \"about-company\", \"content_type\": 32, \"live\": true, \"has_unpublished_changes\": false, \"url_path\": \"/home/university/about-company/\", \"owner\": 2, \"seo_title\": \"\", \"show_in_menus\": false, \"search_description\": \"\", \"go_live_at\": null, \"expire_at\": null, \"expired\": false, \"locked\": false, \"first_published_at\": \"2020-04-06T13:16:38.122Z\", \"latest_revision_created_at\": \"2020-04-06T13:18:14.808Z\", \"body\": \"[{\\\"type\\\": \\\"two_columns\\\", \\\"value\\\": {\\\"left_column\\\": [{\\\"type\\\": \\\"heading\\\", \\\"value\\\": \\\"\\\\u0417\\\\u043d\\\\u0430\\\\u043a\\\\u043e\\\\u043c\\\\u0441\\\\u0442\\\\u0432\\\\u043e \\\\u0441 \\\\u043a\\\\u043e\\\\u043c\\\\u043f\\\\u0430\\\\u043d\\\\u0438\\\\u0435\\\\u0439\\\"}, {\\\"type\\\": \\\"paragraph\\\", \\\"value\\\": \\\"<p>\\\\u0417\\\\u0434\\\\u0435\\\\u0441\\\\u044c \\\\u043c\\\\u043e\\\\u0436\\\\u0435\\\\u0442 \\\\u0431\\\\u044b\\\\u0442\\\\u044c \\\\u043b\\\\u044e\\\\u0431\\\\u043e\\\\u0439 \\\\u0442\\\\u0435\\\\u043a\\\\u0441\\\\u0442 , \\\\u0438 \\\\u043f\\\\u0440\\\\u0438\\\\u043a\\\\u0440\\\\u0435\\\\u043f\\\\u043b\\\\u0435\\\\u043d\\\\u044b \\\\u043a\\\\u0430\\\\u0440\\\\u0442\\\\u0438\\\\u043d\\\\u043e\\\\u0447\\\\u043a\\\\u0438, \\\\u043a \\\\u043f\\\\u0440\\\\u0438\\\\u043c\\\\u0435\\\\u0440\\\\u0443</p><p><br/></p>\\\"}], \\\"right_column\\\": [{\\\"type\\\": \\\"heading\\\", \\\"value\\\": \\\"\\\\u041e\\\\u0441\\\\u043d\\\\u043e\\\\u0432\\\\u043d\\\\u044b\\\\u043c\\\\u0438 \\\\u0446\\\\u0435\\\\u043b\\\\u0438\\\"}, {\\\"type\\\": \\\"paragraph\\\", \\\"value\\\": \\\"<ol><li>\\\\u043f\\\\u0435\\\\u0440\\\\u0432\\\\u0430\\\\u044f</li><li>\\\\u0432\\\\u0442\\\\u043e\\\\u0440\\\\u0430\\\\u044f</li><li>\\\\u0442\\\\u0440\\\\u0435\\\\u0442\\\\u0438\\\\u044f</li></ol>\\\"}]}}, {\\\"type\\\": \\\"heading\\\", \\\"value\\\": \\\"\\\\u041c\\\\u0438\\\\u0441\\\\u0441\\\\u0438\\\\u044f\\\\u043c\\\\u0438 \\\\u0438 \\\\u0437\\\\u0430\\\\u0434\\\\u0430\\\\u0447\\\\u0430\\\\u043c\\\\u0438 \\\\u043a\\\\u043e\\\\u043c\\\\u043f\\\\u0430\\\\u043d\\\\u0438\\\\u0438\\\"}, {\\\"type\\\": \\\"paragraph\\\", \\\"value\\\": \\\"<p>\\\\u0442\\\\u0430\\\\u043a\\\\u0438\\\\u0435 \\\\u0442\\\\u043e , \\\\u0442\\\\u0430\\\\u043a\\\\u0438\\\\u0435 \\\\u0442\\\\u043e</p><p><embed alt=\\\\\\\"hisory.jpg\\\\\\\" embedtype=\\\\\\\"image\\\\\\\" format=\\\\\\\"fullwidth\\\\\\\" id=\\\\\\\"25\\\\\\\"/><br/></p>\\\"}]\"}", "approved_go_live_at": null}}, {"model": "wagtailcore.pagerevision", "pk": 105, "fields": {"page": 26, "submitted_for_moderation": false, "created_at": "2020-04-06T13:29:47.816Z", "user": 2, "content_json": "{\"pk\": 26, \"path\": \"0001000100020002\", \"depth\": 4, \"numchild\": 0, \"title\": \"\\u041e \\u043a\\u043e\\u043c\\u043f\\u0430\\u043d\\u0438\\u0438\", \"slug\": \"about-company\", \"content_type\": 32, \"live\": true, \"has_unpublished_changes\": false, \"url_path\": \"/home/university/about-company/\", \"owner\": 2, \"seo_title\": \"\", \"show_in_menus\": false, \"search_description\": \"\", \"go_live_at\": null, \"expire_at\": null, \"expired\": false, \"locked\": false, \"first_published_at\": \"2020-04-06T13:16:38.122Z\", \"latest_revision_created_at\": \"2020-04-06T13:27:07.012Z\", \"body\": \"[{\\\"type\\\": \\\"two_columns\\\", \\\"value\\\": {\\\"left_column\\\": [{\\\"type\\\": \\\"heading\\\", \\\"value\\\": \\\"\\\\u0417\\\\u043d\\\\u0430\\\\u043a\\\\u043e\\\\u043c\\\\u0441\\\\u0442\\\\u0432\\\\u043e \\\\u0441 \\\\u043a\\\\u043e\\\\u043c\\\\u043f\\\\u0430\\\\u043d\\\\u0438\\\\u0435\\\\u0439\\\"}, {\\\"type\\\": \\\"paragraph\\\", \\\"value\\\": \\\"<p>\\\\u0417\\\\u0434\\\\u0435\\\\u0441\\\\u044c \\\\u043c\\\\u043e\\\\u0436\\\\u0435\\\\u0442 \\\\u0431\\\\u044b\\\\u0442\\\\u044c \\\\u043b\\\\u044e\\\\u0431\\\\u043e\\\\u0439 \\\\u0442\\\\u0435\\\\u043a\\\\u0441\\\\u0442 , \\\\u0438 \\\\u043f\\\\u0440\\\\u0438\\\\u043a\\\\u0440\\\\u0435\\\\u043f\\\\u043b\\\\u0435\\\\u043d\\\\u044b \\\\u043a\\\\u0430\\\\u0440\\\\u0442\\\\u0438\\\\u043d\\\\u043e\\\\u0447\\\\u043a\\\\u0438, \\\\u043a \\\\u043f\\\\u0440\\\\u0438\\\\u043c\\\\u0435\\\\u0440\\\\u0443</p><p><embed alt=\\\\\\\"hisory.jpg\\\\\\\" embedtype=\\\\\\\"image\\\\\\\" format=\\\\\\\"left\\\\\\\" id=\\\\\\\"25\\\\\\\"/><br/></p>\\\"}], \\\"right_column\\\": [{\\\"type\\\": \\\"heading\\\", \\\"value\\\": \\\"\\\\u041e\\\\u0441\\\\u043d\\\\u043e\\\\u0432\\\\u043d\\\\u044b\\\\u043c\\\\u0438 \\\\u0446\\\\u0435\\\\u043b\\\\u0438\\\"}, {\\\"type\\\": \\\"paragraph\\\", \\\"value\\\": \\\"<ol><li>\\\\u043f\\\\u0435\\\\u0440\\\\u0432\\\\u0430\\\\u044f</li><li>\\\\u0432\\\\u0442\\\\u043e\\\\u0440\\\\u0430\\\\u044f</li><li>\\\\u0442\\\\u0440\\\\u0435\\\\u0442\\\\u0438\\\\u044f</li></ol><embed alt=\\\\\\\"hisory.jpg\\\\\\\" embedtype=\\\\\\\"image\\\\\\\" format=\\\\\\\"right\\\\\\\" id=\\\\\\\"25\\\\\\\"/>\\\"}]}}, {\\\"type\\\": \\\"heading\\\", \\\"value\\\": \\\"\\\\u041c\\\\u0438\\\\u0441\\\\u0441\\\\u0438\\\\u044f\\\\u043c\\\\u0438 \\\\u0438 \\\\u0437\\\\u0430\\\\u0434\\\\u0430\\\\u0447\\\\u0430\\\\u043c\\\\u0438 \\\\u043a\\\\u043e\\\\u043c\\\\u043f\\\\u0430\\\\u043d\\\\u0438\\\\u0438\\\"}, {\\\"type\\\": \\\"paragraph\\\", \\\"value\\\": \\\"<p>\\\\u0442\\\\u0430\\\\u043a\\\\u0438\\\\u0435 \\\\u0442\\\\u043e , \\\\u0442\\\\u0430\\\\u043a\\\\u0438\\\\u0435 \\\\u0442\\\\u043e</p><p><embed alt=\\\\\\\"hisory.jpg\\\\\\\" embedtype=\\\\\\\"image\\\\\\\" format=\\\\\\\"fullwidth\\\\\\\" id=\\\\\\\"25\\\\\\\"/><br/></p>\\\"}]\"}", "approved_go_live_at": null}}, {"model": "wagtailcore.pagerevision", "pk": 106, "fields": {"page": 27, "submitted_for_moderation": false, "created_at": "2020-04-06T13:39:34.623Z", "user": 2, "content_json": "{\"pk\": 27, \"path\": \"0001000100020003\", \"depth\": 4, \"numchild\": 0, \"title\": \"\\u0421\\u043e\\u0431\\u044b\\u0442\\u0438\\u0438\", \"slug\": \"event\", \"content_type\": 32, \"live\": true, \"has_unpublished_changes\": false, \"url_path\": \"/home/university/event/\", \"owner\": 2, \"seo_title\": \"\", \"show_in_menus\": false, \"search_description\": \"\", \"go_live_at\": null, \"expire_at\": null, \"expired\": false, \"locked\": false, \"first_published_at\": null, \"latest_revision_created_at\": null, \"body\": \"[{\\\"type\\\": \\\"heading\\\", \\\"value\\\": \\\"\\\\u041a\\\\u0440\\\\u0430\\\\u0442\\\\u043a\\\\u0430\\\\u044f \\\\u043e\\\\u0431\\\\u0449\\\\u0430\\\\u044f \\\\u0438\\\\u043d\\\\u0444\\\\u043e\\\\u0440\\\\u043c\\\\u0430\\\\u0446\\\\u0438\\\\u044f\\\"}, {\\\"type\\\": \\\"two_columns\\\", \\\"value\\\": {\\\"left_column\\\": [], \\\"right_column\\\": []}}]\"}", "approved_go_live_at": null}}, {"model": "wagtailcore.pagerevision", "pk": 107, "fields": {"page": 27, "submitted_for_moderation": false, "created_at": "2020-04-06T13:42:45.006Z", "user": 2, "content_json": "{\"pk\": 27, \"path\": \"0001000100020003\", \"depth\": 4, \"numchild\": 0, \"title\": \"\\u0421\\u043e\\u0431\\u044b\\u0442\\u0438\\u0438\", \"slug\": \"event\", \"content_type\": 32, \"live\": true, \"has_unpublished_changes\": false, \"url_path\": \"/home/university/event/\", \"owner\": 2, \"seo_title\": \"\", \"show_in_menus\": false, \"search_description\": \"\", \"go_live_at\": null, \"expire_at\": null, \"expired\": false, \"locked\": false, \"first_published_at\": \"2020-04-06T13:39:34.830Z\", \"latest_revision_created_at\": \"2020-04-06T13:39:34.623Z\", \"body\": \"[{\\\"type\\\": \\\"heading\\\", \\\"value\\\": \\\"\\\\u041a\\\\u0440\\\\u0430\\\\u0442\\\\u043a\\\\u0430\\\\u044f \\\\u043e\\\\u0431\\\\u0449\\\\u0430\\\\u044f \\\\u0438\\\\u043d\\\\u0444\\\\u043e\\\\u0440\\\\u043c\\\\u0430\\\\u0446\\\\u0438\\\\u044f\\\"}, {\\\"type\\\": \\\"two_columns\\\", \\\"value\\\": {\\\"left_column\\\": [{\\\"type\\\": \\\"image\\\", \\\"value\\\": 27}], \\\"right_column\\\": [{\\\"type\\\": \\\"image\\\", \\\"value\\\": 26}]}}, {\\\"type\\\": \\\"two_columns\\\", \\\"value\\\": {\\\"left_column\\\": [{\\\"type\\\": \\\"image\\\", \\\"value\\\": 26}], \\\"right_column\\\": [{\\\"type\\\": \\\"image\\\", \\\"value\\\": 27}]}}]\"}", "approved_go_live_at": null}}, {"model": "wagtailcore.pagerevision", "pk": 108, "fields": {"page": 28, "submitted_for_moderation": false, "created_at": "2020-04-06T13:48:44.365Z", "user": 2, "content_json": "{\"pk\": 28, \"path\": \"0001000100020004\", \"depth\": 4, \"numchild\": 0, \"title\": \"\\u041f\\u0435\\u0440\\u0432\\u044b\\u0439 \\u043a\\u0443\\u0440\\u0441\", \"slug\": \"\\u043f\\u0435\\u0440\\u0432\\u044b\\u0439-\\u043a\\u0443\\u0440\\u0441\", \"content_type\": 27, \"live\": false, \"has_unpublished_changes\": false, \"url_path\": \"/home/university/\\u043f\\u0435\\u0440\\u0432\\u044b\\u0439-\\u043a\\u0443\\u0440\\u0441/\", \"owner\": 2, \"seo_title\": \"\", \"show_in_menus\": false, \"search_description\": \"\", \"go_live_at\": null, \"expire_at\": null, \"expired\": false, \"locked\": false, \"first_published_at\": null, \"latest_revision_created_at\": null, \"body\": \"\\u0430\\u0444\\u0444\\u0446\\u0430\\u0444\\u0446\\u0430\\u0446\\u0444\\u0432\\u0444\\u0444\\u043c\\u044f\\u0447\\u043c\\u044f\", \"date\": \"2020-04-06T16:48:44.012Z\", \"header_image\": 29, \"post_tags\": [], \"categories\": []}", "approved_go_live_at": null}}, {"model": "wagtailcore.pagerevision", "pk": 109, "fields": {"page": 28, "submitted_for_moderation": false, "created_at": "2020-04-06T13:50:55.522Z", "user": 2, "content_json": "{\"pk\": 28, \"path\": \"0001000100020004\", \"depth\": 4, \"numchild\": 0, \"title\": \"\\u041f\\u0435\\u0440\\u0432\\u044b\\u0439 \\u043a\\u0443\\u0440\\u0441\", \"slug\": \"\\u043f\\u0435\\u0440\\u0432\\u044b\\u0439-\\u043a\\u0443\\u0440\\u0441\", \"content_type\": 27, \"live\": false, \"has_unpublished_changes\": true, \"url_path\": \"/home/university/\\u043f\\u0435\\u0440\\u0432\\u044b\\u0439-\\u043a\\u0443\\u0440\\u0441/\", \"owner\": 2, \"seo_title\": \"\", \"show_in_menus\": false, \"search_description\": \"\", \"go_live_at\": null, \"expire_at\": null, \"expired\": false, \"locked\": false, \"first_published_at\": null, \"latest_revision_created_at\": \"2020-04-06T13:48:44.365Z\", \"body\": \"\\u0418\\u043d\\u0444\\u043e\\u043c\\u0430\\u0446\\u0438\\u044f \\u043e \\u043a\\u0443\\u0440\\u0441\\u0435 \\u0438 \\u0442.\\u0434.\\r\\n![](https://statimg1.cdnbb8.com/files/image/deal/124620/bb4_deal_big/7227b04c48ec70d5991cd44eb51d6692.jpeg?a58a9f35b5c52ed3d6874152cbfcea6f)\\r\\n\\u0418\\u043d\\u0444\\u043e\\u043c\\u0430\\u0446\\u0438\\u044f \\u043e \\u043a\\u0443\\u0440\\u0441\\u0435 \\u0438 \\u0442.\\u0434.\\r\\n\\u0418\\u043d\\u0444\\u043e\\u043c\\u0430\\u0446\\u0438\\u044f \\u043e \\u043a\\u0443\\u0440\\u0441\\u0435 \\u0438 \\u0442.\\u0434.\\r\\n\\u0418\\u043d\\u0444\\u043e\\u043c\\u0430\\u0446\\u0438\\u044f \\u043e \\u043a\\u0443\\u0440\\u0441\\u0435 \\u0438 \\u0442.\\u0434.\\r\\n\\u0418\\u043d\\u0444\\u043e\\u043c\\u0430\\u0446\\u0438\\u044f \\u043e \\u043a\\u0443\\u0440\\u0441\\u0435 \\u0438 \\u0442.\\u0434.\\r\\n\\u0418\\u043d\\u0444\\u043e\\u043c\\u0430\\u0446\\u0438\\u044f \\u043e \\u043a\\u0443\\u0440\\u0441\\u0435 \\u0438 \\u0442.\\u0434.\\r\\n\\u0418\\u043d\\u0444\\u043e\\u043c\\u0430\\u0446\\u0438\\u044f \\u043e \\u043a\\u0443\\u0440\\u0441\\u0435 \\u0438 \\u0442.\\u0434.\\r\\n\\u0418\\u043d\\u0444\\u043e\\u043c\\u0430\\u0446\\u0438\\u044f \\u043e \\u043a\\u0443\\u0440\\u0441\\u0435 \\u0438 \\u0442.\\u0434.\\r\\n\\u0418\\u043d\\u0444\\u043e\\u043c\\u0430\\u0446\\u0438\\u044f \\u043e \\u043a\\u0443\\u0440\\u0441\\u0435 \\u0438 \\u0442.\\u0434.\\r\\n\\u0418\\u043d\\u0444\\u043e\\u043c\\u0430\\u0446\\u0438\\u044f \\u043e \\u043a\\u0443\\u0440\\u0441\\u0435 \\u0438 \\u0442.\\u0434.\\r\\n\\u0418\\u043d\\u0444\\u043e\\u043c\\u0430\\u0446\\u0438\\u044f \\u043e \\u043a\\u0443\\u0440\\u0441\\u0435 \\u0438 \\u0442.\\u0434.\\r\\n\\u0418\\u043d\\u0444\\u043e\\u043c\\u0430\\u0446\\u0438\\u044f \\u043e \\u043a\\u0443\\u0440\\u0441\\u0435 \\u0438 \\u0442.\\u0434.\\r\\n\\u0418\\u043d\\u0444\\u043e\\u043c\\u0430\\u0446\\u0438\\u044f \\u043e \\u043a\\u0443\\u0440\\u0441\\u0435 \\u0438 \\u0442.\\u0434.\\u0418\\u043d\\u0444\\u043e\\u043c\\u0430\\u0446\\u0438\\u044f \\u043e \\u043a\\u0443\\u0440\\u0441\\u0435 \\u0438 \\u0442.\\u0434.\\r\\n\\u0418\\u043d\\u0444\\u043e\\u043c\\u0430\\u0446\\u0438\\u044f \\u043e \\u043a\\u0443\\u0440\\u0441\\u0435 \\u0438 \\u0442.\\u0434.\\r\\n\\u0418\\u043d\\u0444\\u043e\\u043c\\u0430\\u0446\\u0438\\u044f \\u043e \\u043a\\u0443\\u0440\\u0441\\u0435 \\u0438 \\u0442.\\u0434.\\r\\n\\u0418\\u043d\\u0444\\u043e\\u043c\\u0430\\u0446\\u0438\\u044f \\u043e \\u043a\\u0443\\u0440\\u0441\\u0435 \\u0438 \\u0442.\\u0434.\\r\\n\\u0418\\u043d\\u0444\\u043e\\u043c\\u0430\\u0446\\u0438\\u044f \\u043e \\u043a\\u0443\\u0440\\u0441\\u0435 \\u0438 \\u0442.\\u0434.\\r\\n\\u0418\\u043d\\u0444\\u043e\\u043c\\u0430\\u0446\\u0438\\u044f \\u043e \\u043a\\u0443\\u0440\\u0441\\u0435 \\u0438 \\u0442.\\u0434.\", \"date\": \"2020-04-06T16:48:44.012Z\", \"header_image\": 29, \"post_tags\": [], \"categories\": []}", "approved_go_live_at": null}}, {"model": "wagtailcore.pagerevision", "pk": 110, "fields": {"page": 29, "submitted_for_moderation": false, "created_at": "2020-04-06T13:52:29.108Z", "user": 2, "content_json": "{\"pk\": 29, \"path\": \"0001000100020005\", \"depth\": 4, \"numchild\": 0, \"title\": \"\\u0421\\u0442\\u0430\\u0442\\u044c\\u044f 2\", \"slug\": \"\\u0441\\u0442\\u0430\\u0442\\u044c\\u044f-2\", \"content_type\": 27, \"live\": true, \"has_unpublished_changes\": false, \"url_path\": \"/home/university/\\u0441\\u0442\\u0430\\u0442\\u044c\\u044f-2/\", \"owner\": 2, \"seo_title\": \"\", \"show_in_menus\": false, \"search_description\": \"\", \"go_live_at\": null, \"expire_at\": null, \"expired\": false, \"locked\": false, \"first_published_at\": null, \"latest_revision_created_at\": null, \"body\": \"\\u0421\\u0442\\u0430\\u0442\\u044c\\u044f 2\\r\\n\\u0421\\u0442\\u0430\\u0442\\u044c\\u044f 2\\r\\n\\u0421\\u0442\\u0430\\u0442\\u044c\\u044f 2\\u0421\\u0442\\u0430\\u0442\\u044c\\u044f 2\\r\\n\\u0421\\u0442\\u0430\\u0442\\u044c\\u044f 2\\r\\n\\u0421\\u0442\\u0430\\u0442\\u044c\\u044f 2\\r\\n\\u0421\\u0442\\u0430\\u0442\\u044c\\u044f 2\\u0421\\u0442\\u0430\\u0442\\u044c\\u044f 2\\r\\n\\u0421\\u0442\\u0430\\u0442\\u044c\\u044f 2\\r\\n\\u0421\\u0442\\u0430\\u0442\\u044c\\u044f 2\\u0421\\u0442\\u0430\\u0442\\u044c\\u044f 2\\u0421\\u0442\\u0430\\u0442\\u044c\\u044f 2\\u0421\\u0442\\u0430\\u0442\\u044c\\u044f 2\\u0421\\u0442\\u0430\\u0442\\u044c\\u044f 2\\r\\n\\u0421\\u0442\\u0430\\u0442\\u044c\\u044f 2\\r\\n\\u0421\\u0442\\u0430\\u0442\\u044c\\u044f 2\\r\\n\\u0421\\u0442\\u0430\\u0442\\u044c\\u044f 2\\r\\n\\u0421\\u0442\\u0430\\u0442\\u044c\\u044f 2\\r\\n\\u0421\\u0442\\u0430\\u0442\\u044c\\u044f 2\\r\\n\\u0421\\u0442\\u0430\\u0442\\u044c\\u044f 2\\r\\n\\u0421\\u0442\\u0430\\u0442\\u044c\\u044f 2\\r\\n\\u0421\\u0442\\u0430\\u0442\\u044c\\u044f 2\", \"date\": \"2020-04-06T16:52:28.659Z\", \"header_image\": 28, \"post_tags\": [{\"pk\": 67, \"tag\": 14, \"content_object\": 29}], \"categories\": [9]}", "approved_go_live_at": null}}, {"model": "wagtailcore.pagerevision", "pk": 111, "fields": {"page": 28, "submitted_for_moderation": false, "created_at": "2020-04-06T13:53:19.250Z", "user": 2, "content_json": "{\"pk\": 28, \"path\": \"0001000100020004\", \"depth\": 4, \"numchild\": 0, \"title\": \"\\u041f\\u0435\\u0440\\u0432\\u044b\\u0439 \\u043a\\u0443\\u0440\\u0441\", \"slug\": \"\\u043f\\u0435\\u0440\\u0432\\u044b\\u0439-\\u043a\\u0443\\u0440\\u0441\", \"content_type\": 27, \"live\": true, \"has_unpublished_changes\": false, \"url_path\": \"/home/university/\\u043f\\u0435\\u0440\\u0432\\u044b\\u0439-\\u043a\\u0443\\u0440\\u0441/\", \"owner\": 2, \"seo_title\": \"\", \"show_in_menus\": false, \"search_description\": \"\", \"go_live_at\": null, \"expire_at\": null, \"expired\": false, \"locked\": false, \"first_published_at\": \"2020-04-06T13:50:55.697Z\", \"latest_revision_created_at\": \"2020-04-06T13:50:55.522Z\", \"body\": \"\\u0418\\u043d\\u0444\\u043e\\u043c\\u0430\\u0446\\u0438\\u044f \\u043e \\u043a\\u0443\\u0440\\u0441\\u0435 \\u0438 \\u0442.\\u0434.\\r\\n\\r\\n\\u0418\\u043d\\u0444\\u043e\\u043c\\u0430\\u0446\\u0438\\u044f \\u043e \\u043a\\u0443\\u0440\\u0441\\u0435 \\u0438 \\u0442.\\u0434.\\r\\n\\u0418\\u043d\\u0444\\u043e\\u043c\\u0430\\u0446\\u0438\\u044f \\u043e \\u043a\\u0443\\u0440\\u0441\\u0435 \\u0438 \\u0442.\\u0434.\\r\\n\\u0418\\u043d\\u0444\\u043e\\u043c\\u0430\\u0446\\u0438\\u044f \\u043e \\u043a\\u0443\\u0440\\u0441\\u0435 \\u0438 \\u0442.\\u0434.\\r\\n\\u0418\\u043d\\u0444\\u043e\\u043c\\u0430\\u0446\\u0438\\u044f \\u043e \\u043a\\u0443\\u0440\\u0441\\u0435 \\u0438 \\u0442.\\u0434.\\r\\n\\u0418\\u043d\\u0444\\u043e\\u043c\\u0430\\u0446\\u0438\\u044f \\u043e \\u043a\\u0443\\u0440\\u0441\\u0435 \\u0438 \\u0442.\\u0434.\\r\\n\\u0418\\u043d\\u0444\\u043e\\u043c\\u0430\\u0446\\u0438\\u044f \\u043e \\u043a\\u0443\\u0440\\u0441\\u0435 \\u0438 \\u0442.\\u0434.\\r\\n\\u0418\\u043d\\u0444\\u043e\\u043c\\u0430\\u0446\\u0438\\u044f \\u043e \\u043a\\u0443\\u0440\\u0441\\u0435 \\u0438 \\u0442.\\u0434.\\r\\n\\u0418\\u043d\\u0444\\u043e\\u043c\\u0430\\u0446\\u0438\\u044f \\u043e \\u043a\\u0443\\u0440\\u0441\\u0435 \\u0438 \\u0442.\\u0434.\\r\\n\\u0418\\u043d\\u0444\\u043e\\u043c\\u0430\\u0446\\u0438\\u044f \\u043e \\u043a\\u0443\\u0440\\u0441\\u0435 \\u0438 \\u0442.\\u0434.\\r\\n\\u0418\\u043d\\u0444\\u043e\\u043c\\u0430\\u0446\\u0438\\u044f \\u043e \\u043a\\u0443\\u0440\\u0441\\u0435 \\u0438 \\u0442.\\u0434.\\r\\n\\u0418\\u043d\\u0444\\u043e\\u043c\\u0430\\u0446\\u0438\\u044f \\u043e \\u043a\\u0443\\u0440\\u0441\\u0435 \\u0438 \\u0442.\\u0434.\\r\\n\\u0418\\u043d\\u0444\\u043e\\u043c\\u0430\\u0446\\u0438\\u044f \\u043e \\u043a\\u0443\\u0440\\u0441\\u0435 \\u0438 \\u0442.\\u0434.\\u0418\\u043d\\u0444\\u043e\\u043c\\u0430\\u0446\\u0438\\u044f \\u043e \\u043a\\u0443\\u0440\\u0441\\u0435 \\u0438 \\u0442.\\u0434.\\r\\n\\u0418\\u043d\\u0444\\u043e\\u043c\\u0430\\u0446\\u0438\\u044f \\u043e \\u043a\\u0443\\u0440\\u0441\\u0435 \\u0438 \\u0442.\\u0434.\\r\\n\\u0418\\u043d\\u0444\\u043e\\u043c\\u0430\\u0446\\u0438\\u044f \\u043e \\u043a\\u0443\\u0440\\u0441\\u0435 \\u0438 \\u0442.\\u0434.\\r\\n\\u0418\\u043d\\u0444\\u043e\\u043c\\u0430\\u0446\\u0438\\u044f \\u043e \\u043a\\u0443\\u0440\\u0441\\u0435 \\u0438 \\u0442.\\u0434.\\r\\n![](https://statimg1.cdnbb8.com/files/image/deal/124620/bb4_deal_big/7227b04c48ec70d5991cd44eb51d6692.jpeg?a58a9f35b5c52ed3d6874152cbfcea6f)\\r\\n\\u0418\\u043d\\u0444\\u043e\\u043c\\u0430\\u0446\\u0438\\u044f \\u043e \\u043a\\u0443\\u0440\\u0441\\u0435 \\u0438 \\u0442.\\u0434.\\r\\n\\u0418\\u043d\\u0444\\u043e\\u043c\\u0430\\u0446\\u0438\\u044f \\u043e \\u043a\\u0443\\u0440\\u0441\\u0435 \\u0438 \\u0442.\\u0434.\", \"date\": \"2020-04-06T16:48:44.012Z\", \"header_image\": 29, \"post_tags\": [], \"categories\": []}", "approved_go_live_at": null}}, {"model": "wagtailcore.pagerevision", "pk": 113, "fields": {"page": 29, "submitted_for_moderation": false, "created_at": "2020-04-06T13:57:36.958Z", "user": 2, "content_json": "{\"pk\": 29, \"path\": \"0001000100020005\", \"depth\": 4, \"numchild\": 0, \"title\": \"\\u0421\\u0442\\u0430\\u0442\\u044c\\u044f 2\", \"slug\": \"\\u0441\\u0442\\u0430\\u0442\\u044c\\u044f-2\", \"content_type\": 27, \"live\": true, \"has_unpublished_changes\": false, \"url_path\": \"/home/university/\\u0441\\u0442\\u0430\\u0442\\u044c\\u044f-2/\", \"owner\": 2, \"seo_title\": \"\", \"show_in_menus\": false, \"search_description\": \"\", \"go_live_at\": null, \"expire_at\": null, \"expired\": false, \"locked\": false, \"first_published_at\": \"2020-04-06T13:52:29.279Z\", \"latest_revision_created_at\": \"2020-04-06T13:52:29.108Z\", \"body\": \"\\u0421\\u0442\\u0430\\u0442\\u044c\\u044f 2\\r\\n\\u0421\\u0442\\u0430\\u0442\\u044c\\u044f 2\\r\\n\\u0421\\u0442\\u0430\\u0442\\u044c\\u044f 2\\u0421\\u0442\\u0430\\u0442\\u044c\\u044f 2\\r\\n\\u0421\\u0442\\u0430\\u0442\\u044c\\u044f 2\\r\\n\\u0421\\u0442\\u0430\\u0442\\u044c\\u044f 2\\r\\n\\u0421\\u0442\\u0430\\u0442\\u044c\\u044f 2\\u0421\\u0442\\u0430\\u0442\\u044c\\u044f 2\\r\\n\\u0421\\u0442\\u0430\\u0442\\u044c\\u044f 2\\r\\n\\u0421\\u0442\\u0430\\u0442\\u044c\\u044f 2\\u0421\\u0442\\u0430\\u0442\\u044c\\u044f 2\\u0421\\u0442\\u0430\\u0442\\u044c\\u044f 2\\u0421\\u0442\\u0430\\u0442\\u044c\\u044f 2\\u0421\\u0442\\u0430\\u0442\\u044c\\u044f 2\\r\\n\\u0421\\u0442\\u0430\\u0442\\u044c\\u044f 2\\r\\n\\u0421\\u0442\\u0430\\u0442\\u044c\\u044f 2\\r\\n\\u0421\\u0442\\u0430\\u0442\\u044c\\u044f 2\\r\\n[](https://www.youtube.com/watch?v=SLV1B5Lzy48)\\r\\n\\u0421\\u0442\\u0430\\u0442\\u044c\\u044f 2\\r\\n\\u0421\\u0442\\u0430\\u0442\\u044c\\u044f 2\\r\\n\\u0421\\u0442\\u0430\\u0442\\u044c\\u044f 2\\r\\n\\u0421\\u0442\\u0430\\u0442\\u044c\\u044f 2\\r\\n\\u0421\\u0442\\u0430\\u0442\\u044c\\u044f 2\", \"date\": \"2020-04-06T16:52:28.659Z\", \"header_image\": 28, \"post_tags\": [{\"pk\": null, \"tag\": 14, \"content_object\": 29}], \"categories\": [9]}", "approved_go_live_at": null}}, {"model": "wagtailcore.pagerevision", "pk": 114, "fields": {"page": 29, "submitted_for_moderation": false, "created_at": "2020-04-06T13:59:08.200Z", "user": 2, "content_json": "{\"pk\": 29, \"path\": \"0001000100020005\", \"depth\": 4, \"numchild\": 0, \"title\": \"\\u0421\\u0442\\u0430\\u0442\\u044c\\u044f 2\", \"slug\": \"\\u0441\\u0442\\u0430\\u0442\\u044c\\u044f-2\", \"content_type\": 27, \"live\": true, \"has_unpublished_changes\": false, \"url_path\": \"/home/university/\\u0441\\u0442\\u0430\\u0442\\u044c\\u044f-2/\", \"owner\": 2, \"seo_title\": \"\", \"show_in_menus\": false, \"search_description\": \"\", \"go_live_at\": null, \"expire_at\": null, \"expired\": false, \"locked\": false, \"first_published_at\": \"2020-04-06T13:52:29.279Z\", \"latest_revision_created_at\": \"2020-04-06T13:57:36.958Z\", \"body\": \"\\u0421\\u0442\\u0430\\u0442\\u044c\\u044f 2\\r\\n\\u0421\\u0442\\u0430\\u0442\\u044c\\u044f 2\\r\\n\\u0421\\u0442\\u0430\\u0442\\u044c\\u044f 2\\u0421\\u0442\\u0430\\u0442\\u044c\\u044f 2\\r\\n\\u0421\\u0442\\u0430\\u0442\\u044c\\u044f 2\\r\\n\\u0421\\u0442\\u0430\\u0442\\u044c\\u044f 2\\r\\n\\u0421\\u0442\\u0430\\u0442\\u044c\\u044f 2\\u0421\\u0442\\u0430\\u0442\\u044c\\u044f 2\\r\\n\\u0421\\u0442\\u0430\\u0442\\u044c\\u044f 2\\r\\n\\u0421\\u0442\\u0430\\u0442\\u044c\\u044f 2\\u0421\\u0442\\u0430\\u0442\\u044c\\u044f 2\\u0421\\u0442\\u0430\\u0442\\u044c\\u044f 2\\u0421\\u0442\\u0430\\u0442\\u044c\\u044f 2\\u0421\\u0442\\u0430\\u0442\\u044c\\u044f 2\\r\\n\\u0421\\u0442\\u0430\\u0442\\u044c\\u044f 2\\r\\n\\u0421\\u0442\\u0430\\u0442\\u044c\\u044f 2\\r\\n\\u0421\\u0442\\u0430\\u0442\\u044c\\u044f 2\\r\\n[](https://www.youtube.com/watch?v=SLV1B5Lzy48)\\r\\n\\u0421\\u0442\\u0430\\u0442\\u044c\\u044f 2\\r\\n\\u0421\\u0442\\u0430\\u0442\\u044c\\u044f 2\\r\\n\\u0421\\u0442\\u0430\\u0442\\u044c\\u044f 2\\r\\n\\u0421\\u0442\\u0430\\u0442\\u044c\\u044f 2\\r\\n\\u0421\\u0442\\u0430\\u0442\\u044c\\u044f 2\", \"date\": \"2020-04-06T16:52:28.659Z\", \"header_image\": 28, \"post_tags\": [{\"pk\": null, \"tag\": 14, \"content_object\": 29}], \"categories\": [9]}", "approved_go_live_at": null}}, {"model": "wagtailcore.pagerevision", "pk": 115, "fields": {"page": 26, "submitted_for_moderation": false, "created_at": "2020-04-06T14:54:37.997Z", "user": 2, "content_json": "{\"pk\": 26, \"path\": \"0001000100020002\", \"depth\": 4, \"numchild\": 0, \"title\": \"\\u041e \\u043a\\u043e\\u043c\\u043f\\u0430\\u043d\\u0438\\u0438\", \"slug\": \"about-company\", \"content_type\": 32, \"live\": true, \"has_unpublished_changes\": false, \"url_path\": \"/home/university/about-company/\", \"owner\": 2, \"seo_title\": \"\", \"show_in_menus\": false, \"search_description\": \"\", \"go_live_at\": null, \"expire_at\": null, \"expired\": false, \"locked\": false, \"first_published_at\": \"2020-04-06T13:16:38.122Z\", \"latest_revision_created_at\": \"2020-04-06T13:29:47.816Z\", \"body\": \"[{\\\"type\\\": \\\"two_columns\\\", \\\"value\\\": {\\\"left_column\\\": [{\\\"type\\\": \\\"heading\\\", \\\"value\\\": \\\"\\\\u0417\\\\u043d\\\\u0430\\\\u043a\\\\u043e\\\\u043c\\\\u0441\\\\u0442\\\\u0432\\\\u043e \\\\u0441 \\\\u043a\\\\u043e\\\\u043c\\\\u043f\\\\u0430\\\\u043d\\\\u0438\\\\u0435\\\\u0439\\\"}, {\\\"type\\\": \\\"paragraph\\\", \\\"value\\\": \\\"<p>\\\\u0417\\\\u0434\\\\u0435\\\\u0441\\\\u044c \\\\u043c\\\\u043e\\\\u0436\\\\u0435\\\\u0442 \\\\u0431\\\\u044b\\\\u0442\\\\u044c \\\\u043b\\\\u044e\\\\u0431\\\\u043e\\\\u0439 \\\\u0442\\\\u0435\\\\u043a\\\\u0441\\\\u0442 , \\\\u0438 \\\\u043f\\\\u0440\\\\u0438\\\\u043a\\\\u0440\\\\u0435\\\\u043f\\\\u043b\\\\u0435\\\\u043d\\\\u044b \\\\u043a\\\\u0430\\\\u0440\\\\u0442\\\\u0438\\\\u043d\\\\u043e\\\\u0447\\\\u043a\\\\u0438, \\\\u043a \\\\u043f\\\\u0440\\\\u0438\\\\u043c\\\\u0435\\\\u0440\\\\u0443</p><p><embed alt=\\\\\\\"hisory.jpg\\\\\\\" embedtype=\\\\\\\"image\\\\\\\" format=\\\\\\\"left\\\\\\\" id=\\\\\\\"25\\\\\\\"/><br/></p>\\\"}], \\\"right_column\\\": [{\\\"type\\\": \\\"heading\\\", \\\"value\\\": \\\"\\\\u041e\\\\u0441\\\\u043d\\\\u043e\\\\u0432\\\\u043d\\\\u044b\\\\u043c\\\\u0438 \\\\u0446\\\\u0435\\\\u043b\\\\u0438\\\"}, {\\\"type\\\": \\\"paragraph\\\", \\\"value\\\": \\\"<ol><li>\\\\u043f\\\\u0435\\\\u0440\\\\u0432\\\\u0430\\\\u044f</li><li>\\\\u0432\\\\u0442\\\\u043e\\\\u0440\\\\u0430\\\\u044f</li><li>\\\\u0442\\\\u0440\\\\u0435\\\\u0442\\\\u0438\\\\u044f</li></ol><embed alt=\\\\\\\"hisory.jpg\\\\\\\" embedtype=\\\\\\\"image\\\\\\\" format=\\\\\\\"right\\\\\\\" id=\\\\\\\"25\\\\\\\"/>\\\"}]}}, {\\\"type\\\": \\\"heading\\\", \\\"value\\\": \\\"\\\\u041c\\\\u0438\\\\u0441\\\\u0441\\\\u0438\\\\u044f\\\\u043c\\\\u0438 \\\\u0438 \\\\u0437\\\\u0430\\\\u0434\\\\u0430\\\\u0447\\\\u0430\\\\u043c\\\\u0438 \\\\u043a\\\\u043e\\\\u043c\\\\u043f\\\\u0430\\\\u043d\\\\u0438\\\\u0438\\\"}, {\\\"type\\\": \\\"paragraph\\\", \\\"value\\\": \\\"<p>\\\\u0442\\\\u0430\\\\u043a\\\\u0438\\\\u0435 \\\\u0442\\\\u043e , \\\\u0442\\\\u0430\\\\u043a\\\\u0438\\\\u0435 \\\\u0442\\\\u043e</p><p><embed alt=\\\\\\\"hisory.jpg\\\\\\\" embedtype=\\\\\\\"image\\\\\\\" format=\\\\\\\"fullwidth\\\\\\\" id=\\\\\\\"25\\\\\\\"/><br/></p>\\\"}, {\\\"type\\\": \\\"heading\\\", \\\"value\\\": \\\"\\\\u0430\\\\u0444\\\\u0446\\\\u0430\\\\u0444\\\\u0446\\\"}, {\\\"type\\\": \\\"paragraph\\\", \\\"value\\\": \\\"<p>1</p><p>1</p><p>1</p><p>1</p><p>1</p><p><br/></p><p>1</p><p>1</p><p>1</p><p><br/></p><p>1</p><p>1</p><p>1</p><p>1</p><p><br/></p><p>1</p><p><br/></p>\\\"}]\"}", "approved_go_live_at": null}}, {"model": "wagtailcore.pagerevision", "pk": 116, "fields": {"page": 31, "submitted_for_moderation": false, "created_at": "2020-04-06T15:01:51.066Z", "user": 2, "content_json": "{\"pk\": 31, \"path\": \"0001000100020006\", \"depth\": 4, \"numchild\": 0, \"title\": \"\\u0421\\u0442\\u0430\\u0442\\u044c\\u044f 3\", \"slug\": \"\\u0441\\u0442\\u0430\\u0442\\u044c\\u044f-3\", \"content_type\": 27, \"live\": true, \"has_unpublished_changes\": false, \"url_path\": \"/home/university/\\u0441\\u0442\\u0430\\u0442\\u044c\\u044f-3/\", \"owner\": 2, \"seo_title\": \"\", \"show_in_menus\": false, \"search_description\": \"\", \"go_live_at\": null, \"expire_at\": null, \"expired\": false, \"locked\": false, \"first_published_at\": null, \"latest_revision_created_at\": null, \"body\": \"\\u0446\\u043f\\u0443\\u0446\\u043f\\u0446\\u0443\\u043f\\u0446\\u0443\\u043f\\u0446\\u0443\\u043f\\u0446\\u0443\\u043f\\u0446\\u0443\\r\\n1. \\u0440\\u043a\\u0440\\u0432\\u043a\\r\\n2. \\u0432\\u043a\\u0440\\r\\n3. \\u0432\\u043a\\r\\n4. \\u0440\\u0432\\u043a\\r\\n5.[ \\u0440\\u0432\\u043a](https://www.youtube.com/watch?v=SLV1B5Lzy48)\\r\\n6. \\u0440\\u0432\\r\\n7. \\u0440\\u0432\", \"date\": \"2020-04-06T18:01:50.823Z\", \"header_image\": 27, \"post_tags\": [], \"categories\": []}", "approved_go_live_at": null}}, {"model": "wagtailcore.pagerevision", "pk": 117, "fields": {"page": 31, "submitted_for_moderation": false, "created_at": "2020-04-06T15:03:57.750Z", "user": 2, "content_json": "{\"pk\": 31, \"path\": \"0001000100020006\", \"depth\": 4, \"numchild\": 0, \"title\": \"\\u0421\\u0442\\u0430\\u0442\\u044c\\u044f 3\", \"slug\": \"\\u0441\\u0442\\u0430\\u0442\\u044c\\u044f-3\", \"content_type\": 27, \"live\": true, \"has_unpublished_changes\": false, \"url_path\": \"/home/university/\\u0441\\u0442\\u0430\\u0442\\u044c\\u044f-3/\", \"owner\": 2, \"seo_title\": \"\", \"show_in_menus\": true, \"search_description\": \"\", \"go_live_at\": null, \"expire_at\": null, \"expired\": false, \"locked\": false, \"first_published_at\": \"2020-04-06T15:01:51.205Z\", \"latest_revision_created_at\": \"2020-04-06T15:01:51.066Z\", \"body\": \"\\u0446\\u043f\\u0443\\u0446\\u043f\\u0446\\u0443\\u043f\\u0446\\u0443\\u043f\\u0446\\u0443\\u043f\\u0446\\u0443\\u043f\\u0446\\u0443\\r\\n1. \\u0440\\u043a\\u0440\\u0432\\u043a\\r\\n2. \\u0432\\u043a\\u0440\\r\\n3. \\u0432\\u043a\\r\\n4. \\u0440\\u0432\\u043a\\r\\n5.[ \\u0440\\u0432\\u043a](https://www.youtube.com/watch?v=SLV1B5Lzy48)\\r\\n6. \\u0440\\u0432\\r\\n7. \\u0440\\u0432\", \"date\": \"2020-04-06T18:01:50.823Z\", \"header_image\": 27, \"post_tags\": [{\"pk\": null, \"tag\": 14, \"content_object\": 31}, {\"pk\": null, \"tag\": 15, \"content_object\": 31}], \"categories\": [9, 10, 11]}", "approved_go_live_at": null}}, {"model": "wagtailcore.pagerevision", "pk": 118, "fields": {"page": 32, "submitted_for_moderation": false, "created_at": "2020-04-06T15:18:13.355Z", "user": 2, "content_json": "{\"pk\": 32, \"path\": \"0001000100020007\", \"depth\": 4, \"numchild\": 0, \"title\": \"\\u0414\\u043e\\u043a\\u0443\\u043c\\u0435\\u043d\\u0442\\u044b\", \"slug\": \"documents\", \"content_type\": 32, \"live\": true, \"has_unpublished_changes\": false, \"url_path\": \"/home/university/documents/\", \"owner\": 2, \"seo_title\": \"\", \"show_in_menus\": false, \"search_description\": \"\", \"go_live_at\": null, \"expire_at\": null, \"expired\": false, \"locked\": false, \"first_published_at\": null, \"latest_revision_created_at\": null, \"body\": \"[]\"}", "approved_go_live_at": null}}, {"model": "wagtailcore.pagerevision", "pk": 119, "fields": {"page": 28, "submitted_for_moderation": false, "created_at": "2020-04-16T15:25:33.058Z", "user": 2, "content_json": "{\"pk\": 28, \"path\": \"0001000100020004\", \"depth\": 4, \"numchild\": 0, \"title\": \"\\u041f\\u0435\\u0440\\u0432\\u044b\\u0439 \\u043a\\u0443\\u0440\\u0441\", \"slug\": \"\\u043f\\u0435\\u0440\\u0432\\u044b\\u0439-\\u043a\\u0443\\u0440\\u0441\", \"content_type\": 27, \"live\": true, \"has_unpublished_changes\": false, \"url_path\": \"/home/university/\\u043f\\u0435\\u0440\\u0432\\u044b\\u0439-\\u043a\\u0443\\u0440\\u0441/\", \"owner\": 2, \"seo_title\": \"\", \"show_in_menus\": false, \"search_description\": \"\", \"go_live_at\": null, \"expire_at\": null, \"expired\": false, \"locked\": false, \"first_published_at\": \"2020-04-06T13:50:55.697Z\", \"latest_revision_created_at\": \"2020-04-06T13:53:19.250Z\", \"body\": \"\\u0418\\u043d\\u0444\\u043e\\u043c\\u0430\\u0446\\u0438\\u044f \\u043e \\u043a\\u0443\\u0440\\u0441\\u0435 \\u0438 \\u0442.\\u0434.\\r\\n\\u0421\\u043c\\u043e\\u0442\\u0440\\u0438\\u0442\\u0435 \\u0434\\u0430\\u043b\\u0435\\u0435 \\r\\n\\r\\n\\u041e\\u0431\\u043e\\u0441\\u043d\\u043e\\u0432\\u0430\\u043d\\u0438\\u0435\\r\\n\\r\\n\\u0421\\u0438\\u0434\\u0435\\u0442\\u044c, \\u0441\\u043f\\u043e\\u043a\\u043e\\u0439\\u043d\\u043e \\u0438 \\u0440\\u0438\\u0441\\u043e\\u0432\\u0430\\u0442\\u044c \\u0438\\u043b\\u0438 \\u0441\\u043e\\u0431\\u0438\\u0440\\u0430\\u0442\\u044c \\u043a\\u043e\\u043d\\u0441\\u0442\\u0440\\u0443\\u043a\\u0442\\u043e\\u0440\\u044b \\u0446\\u0435\\u043b\\u044b\\u0439 \\u0434\\u0435\\u043d\\u044c \\u043d\\u0435\\u0432\\u043e\\u0437\\u043c\\u043e\\u0436\\u043d\\u043e, \\u0434\\u0430 \\u0438 \\u0430\\u043a\\u0442\\u0438\\u0432\\u043d\\u044b\\u0435 \\u0438\\u0433\\u0440\\u044b \\u0442\\u043e\\u0436\\u0435 \\u043d\\u0435\\u043e\\u0431\\u0445\\u043e\\u0434\\u0438\\u043c\\u044b. \\u0412\\u0441\\u0435 \\u0434\\u0435\\u0442\\u0438 \\u043b\\u044e\\u0431\\u044f\\u0442 \\u0433\\u043e\\u043d\\u044f\\u0442\\u044c \\u043d\\u0430 \\u0432\\u0435\\u043b\\u0438\\u043a\\u0430\\u0445, \\u0441\\u0430\\u043c\\u043e\\u043a\\u0430\\u0442\\u0430\\u0445, \\u0431\\u0435\\u0433\\u0430\\u0442\\u044c \\u0438 \\u043f\\u0440\\u044b\\u0433\\u0430\\u0442\\u044c. \\u0414\\u043b\\u044f \\u043d\\u0430\\u043f\\u0440\\u0430\\u0432\\u043b\\u0435\\u043d\\u0438\\u044f \\u00ab\\u0447\\u0440\\u0435\\u0437\\u043c\\u0435\\u0440\\u043d\\u043e\\u0439\\u00bb \\u044d\\u043d\\u0435\\u0440\\u0433\\u0438\\u0438 \\u0434\\u0435\\u0442\\u0435\\u0439 \\u0432 \\u043f\\u043e\\u043b\\u0435\\u0437\\u043d\\u043e\\u0435 \\u0440\\u0443\\u0441\\u043b\\u043e \\u043f\\u0440\\u0438\\u0448\\u043b\\u0430 \\u043c\\u044b\\u0441\\u043b\\u044c \\u043f\\u043e\\u0441\\u0442\\u0430\\u0432\\u0438\\u0442\\u044c \\u0434\\u0435\\u0442\\u0441\\u043a\\u0438\\u0439 \\u0432\\u0435\\u043b\\u043e\\u0441\\u0438\\u043f\\u0435\\u0434 \\u043d\\u0430 \\u0441\\u0442\\u0430\\u043d\\u043e\\u043a, \\u043d\\u043e \\u043a\\u0430\\u043a\\u043e\\u0439 \\u0440\\u0435\\u0431\\u0435\\u043d\\u043e\\u043a \\u0431\\u0443\\u0434\\u0435\\u0442 \\u0441\\u0438\\u0434\\u0435\\u0442\\u044c \\u0438 \\u043f\\u0440\\u043e\\u0441\\u0442\\u043e \\u043a\\u0440\\u0443\\u0442\\u0438\\u0442\\u044c \\u043f\\u0435\\u0434\\u0430\\u043b\\u0438, \\u0433\\u043b\\u044f\\u0434\\u044f \\u0432 \\u0441\\u0442\\u0435\\u043d\\u0443? \\u041d\\u0438\\u043a\\u0430\\u043a\\u043e\\u0439! \\u0422\\u0430\\u043a \\u0440\\u043e\\u0434\\u0438\\u043b\\u0430\\u0441\\u044c \\u0438\\u0434\\u0435\\u044f \\u0441\\u043e\\u0437\\u0434\\u0430\\u043d\\u0438\\u044f \\u0441\\u0442\\u0430\\u043d\\u043a\\u0430 \\u0438 \\u0441\\u043e\\u0432\\u043c\\u0435\\u0449\\u0435\\u043d\\u0438\\u044f \\u0435\\u0433\\u043e \\u0441 \\u043a\\u043e\\u043c\\u043f\\u044c\\u044e\\u0442\\u0435\\u0440\\u043d\\u043e\\u0439 \\u0438\\u0433\\u0440\\u043e\\u0439.\\r\\n\\r\\n\\u0421\\u043d\\u0430\\u0447\\u0430\\u043b\\u0430 \\u0440\\u0435\\u0431\\u0435\\u043d\\u043a\\u0430 \\u043c\\u043e\\u0436\\u043d\\u043e \\u0443\\u0432\\u043b\\u0435\\u0447\\u044c \\u0441\\u043e\\u0432\\u043c\\u0435\\u0441\\u0442\\u043d\\u044b\\u043c \\u0438\\u0437\\u0433\\u043e\\u0442\\u043e\\u0432\\u043b\\u0435\\u043d\\u0438\\u0435\\u043c, \\u0430 \\u0443\\u0436 \\u043a\\u0430\\u043a \\u0441\\u0434\\u0435\\u043b\\u0430\\u0435\\u0442\\u0435, \\u0442\\u043e \\u0440\\u0430\\u0434\\u043e\\u0441\\u0442\\u0438 \\u043d\\u0435\\u0442 \\u043f\\u0440\\u0435\\u0434\\u0435\\u043b\\u0430. \\u0418\\u0433\\u0440\\u043e\\u0432\\u043e\\u0439 \\u0430\\u0432\\u0442\\u043e\\u043c\\u0430\\u0442 \\u0443 \\u0432\\u0430\\u0441 \\u0434\\u043e\\u043c\\u0430!\\r\\n\\r\\n\\u041f\\u043e\\u044d\\u0442\\u043e\\u043c\\u0443 \\u0434\\u0435\\u043b\\u0430\\u0435\\u043c \\u0441\\u0442\\u0430\\u043d\\u043e\\u043a \\u0434\\u043b\\u044f \\u0432\\u0435\\u043b\\u043e\\u0441\\u0438\\u043f\\u0435\\u0434\\u0430 \\u0441\\u0432\\u043e\\u0438\\u043c\\u0438 \\u0440\\u0443\\u043a\\u0430\\u043c\\u0438 \\u0438 \\u0438\\u0437 \\u0442\\u043e\\u0433\\u043e, \\u0447\\u0442\\u043e \\u043d\\u0430\\u0439\\u0434\\u0435\\u0442\\u0441\\u044f \\u0432 \\u0437\\u0430\\u043a\\u0440\\u043e\\u043c\\u0430\\u0445 \\u043d\\u0430 \\u0431\\u0430\\u043b\\u043a\\u043e\\u043d\\u0435 (\\u041d\\u0443 \\u0438\\u043b\\u0438 \\u0432\\u044b\\u043d\\u0438\\u043c\\u0430\\u0435\\u043c \\u0438\\u0437 \\u0448\\u043a\\u0430\\u0444\\u0430 \\u043f\\u043e\\u043b\\u043a\\u0443-\\u0434\\u0440\\u0443\\u0433\\u0443\\u044e, \\u043d\\u0430\\u043f\\u0440\\u0438\\u043c\\u0435\\u0440).\", \"date\": \"2020-04-06T16:48:44.012Z\", \"header_image\": 29, \"post_tags\": [], \"categories\": []}", "approved_go_live_at": null}}, {"model": "wagtailcore.pagerevision", "pk": 120, "fields": {"page": 28, "submitted_for_moderation": false, "created_at": "2020-04-16T15:26:38.474Z", "user": 2, "content_json": "{\"pk\": 28, \"path\": \"0001000100020004\", \"depth\": 4, \"numchild\": 0, \"title\": \"\\u041f\\u0435\\u0440\\u0432\\u044b\\u0439 \\u043a\\u0443\\u0440\\u0441\", \"slug\": \"\\u043f\\u0435\\u0440\\u0432\\u044b\\u0439-\\u043a\\u0443\\u0440\\u0441\", \"content_type\": 27, \"live\": true, \"has_unpublished_changes\": false, \"url_path\": \"/home/university/\\u043f\\u0435\\u0440\\u0432\\u044b\\u0439-\\u043a\\u0443\\u0440\\u0441/\", \"owner\": 2, \"seo_title\": \"\", \"show_in_menus\": false, \"search_description\": \"\", \"go_live_at\": null, \"expire_at\": null, \"expired\": false, \"locked\": false, \"first_published_at\": \"2020-04-06T13:50:55.697Z\", \"latest_revision_created_at\": \"2020-04-16T15:25:33.058Z\", \"body\": \"\\u0418\\u043d\\u0444\\u043e\\u043c\\u0430\\u0446\\u0438\\u044f \\u043e \\u043a\\u0443\\u0440\\u0441\\u0435 \\u0438 \\u0442.\\u0434.\\r\\n\\r\\n\\u0421\\u043c\\u043e\\u0442\\u0440\\u0438\\u0442\\u0435 \\u0434\\u0430\\u043b\\u0435\\u0435 .\\r\\n\\r\\n\\u041e\\u0431\\u043e\\u0441\\u043d\\u043e\\u0432\\u0430\\u043d\\u0438\\u0435\\r\\n\\r\\n\\u0421\\u0438\\u0434\\u0435\\u0442\\u044c, \\u0441\\u043f\\u043e\\u043a\\u043e\\u0439\\u043d\\u043e \\u0438 \\u0440\\u0438\\u0441\\u043e\\u0432\\u0430\\u0442\\u044c \\u0438\\u043b\\u0438 \\u0441\\u043e\\u0431\\u0438\\u0440\\u0430\\u0442\\u044c \\u043a\\u043e\\u043d\\u0441\\u0442\\u0440\\u0443\\u043a\\u0442\\u043e\\u0440\\u044b \\u0446\\u0435\\u043b\\u044b\\u0439 \\u0434\\u0435\\u043d\\u044c \\u043d\\u0435\\u0432\\u043e\\u0437\\u043c\\u043e\\u0436\\u043d\\u043e, \\u0434\\u0430 \\u0438 \\u0430\\u043a\\u0442\\u0438\\u0432\\u043d\\u044b\\u0435 \\u0438\\u0433\\u0440\\u044b \\u0442\\u043e\\u0436\\u0435 \\u043d\\u0435\\u043e\\u0431\\u0445\\u043e\\u0434\\u0438\\u043c\\u044b. \\u0412\\u0441\\u0435 \\u0434\\u0435\\u0442\\u0438 \\u043b\\u044e\\u0431\\u044f\\u0442 \\u0433\\u043e\\u043d\\u044f\\u0442\\u044c \\u043d\\u0430 \\u0432\\u0435\\u043b\\u0438\\u043a\\u0430\\u0445, \\u0441\\u0430\\u043c\\u043e\\u043a\\u0430\\u0442\\u0430\\u0445, \\u0431\\u0435\\u0433\\u0430\\u0442\\u044c \\u0438 \\u043f\\u0440\\u044b\\u0433\\u0430\\u0442\\u044c. \\u0414\\u043b\\u044f \\u043d\\u0430\\u043f\\u0440\\u0430\\u0432\\u043b\\u0435\\u043d\\u0438\\u044f \\u00ab\\u0447\\u0440\\u0435\\u0437\\u043c\\u0435\\u0440\\u043d\\u043e\\u0439\\u00bb \\u044d\\u043d\\u0435\\u0440\\u0433\\u0438\\u0438 \\u0434\\u0435\\u0442\\u0435\\u0439 \\u0432 \\u043f\\u043e\\u043b\\u0435\\u0437\\u043d\\u043e\\u0435 \\u0440\\u0443\\u0441\\u043b\\u043e \\u043f\\u0440\\u0438\\u0448\\u043b\\u0430 \\u043c\\u044b\\u0441\\u043b\\u044c \\u043f\\u043e\\u0441\\u0442\\u0430\\u0432\\u0438\\u0442\\u044c \\u0434\\u0435\\u0442\\u0441\\u043a\\u0438\\u0439 \\u0432\\u0435\\u043b\\u043e\\u0441\\u0438\\u043f\\u0435\\u0434 \\u043d\\u0430 \\u0441\\u0442\\u0430\\u043d\\u043e\\u043a, \\u043d\\u043e \\u043a\\u0430\\u043a\\u043e\\u0439 \\u0440\\u0435\\u0431\\u0435\\u043d\\u043e\\u043a \\u0431\\u0443\\u0434\\u0435\\u0442 \\u0441\\u0438\\u0434\\u0435\\u0442\\u044c \\u0438 \\u043f\\u0440\\u043e\\u0441\\u0442\\u043e \\u043a\\u0440\\u0443\\u0442\\u0438\\u0442\\u044c \\u043f\\u0435\\u0434\\u0430\\u043b\\u0438, \\u0433\\u043b\\u044f\\u0434\\u044f \\u0432 \\u0441\\u0442\\u0435\\u043d\\u0443? \\u041d\\u0438\\u043a\\u0430\\u043a\\u043e\\u0439! \\u0422\\u0430\\u043a \\u0440\\u043e\\u0434\\u0438\\u043b\\u0430\\u0441\\u044c \\u0438\\u0434\\u0435\\u044f \\u0441\\u043e\\u0437\\u0434\\u0430\\u043d\\u0438\\u044f \\u0441\\u0442\\u0430\\u043d\\u043a\\u0430 \\u0438 \\u0441\\u043e\\u0432\\u043c\\u0435\\u0449\\u0435\\u043d\\u0438\\u044f \\u0435\\u0433\\u043e \\u0441 \\u043a\\u043e\\u043c\\u043f\\u044c\\u044e\\u0442\\u0435\\u0440\\u043d\\u043e\\u0439 \\u0438\\u0433\\u0440\\u043e\\u0439.\\r\\n\\r\\n\\u0421\\u043d\\u0430\\u0447\\u0430\\u043b\\u0430 \\u0440\\u0435\\u0431\\u0435\\u043d\\u043a\\u0430 \\u043c\\u043e\\u0436\\u043d\\u043e \\u0443\\u0432\\u043b\\u0435\\u0447\\u044c \\u0441\\u043e\\u0432\\u043c\\u0435\\u0441\\u0442\\u043d\\u044b\\u043c \\u0438\\u0437\\u0433\\u043e\\u0442\\u043e\\u0432\\u043b\\u0435\\u043d\\u0438\\u0435\\u043c, \\u0430 \\u0443\\u0436 \\u043a\\u0430\\u043a \\u0441\\u0434\\u0435\\u043b\\u0430\\u0435\\u0442\\u0435, \\u0442\\u043e \\u0440\\u0430\\u0434\\u043e\\u0441\\u0442\\u0438 \\u043d\\u0435\\u0442 \\u043f\\u0440\\u0435\\u0434\\u0435\\u043b\\u0430. \\u0418\\u0433\\u0440\\u043e\\u0432\\u043e\\u0439 \\u0430\\u0432\\u0442\\u043e\\u043c\\u0430\\u0442 \\u0443 \\u0432\\u0430\\u0441 \\u0434\\u043e\\u043c\\u0430!\\r\\n\\r\\n\\u041f\\u043e\\u044d\\u0442\\u043e\\u043c\\u0443 \\u0434\\u0435\\u043b\\u0430\\u0435\\u043c \\u0441\\u0442\\u0430\\u043d\\u043e\\u043a \\u0434\\u043b\\u044f \\u0432\\u0435\\u043b\\u043e\\u0441\\u0438\\u043f\\u0435\\u0434\\u0430 \\u0441\\u0432\\u043e\\u0438\\u043c\\u0438 \\u0440\\u0443\\u043a\\u0430\\u043c\\u0438 \\u0438 \\u0438\\u0437 \\u0442\\u043e\\u0433\\u043e, \\u0447\\u0442\\u043e \\u043d\\u0430\\u0439\\u0434\\u0435\\u0442\\u0441\\u044f \\u0432 \\u0437\\u0430\\u043a\\u0440\\u043e\\u043c\\u0430\\u0445 \\u043d\\u0430 \\u0431\\u0430\\u043b\\u043a\\u043e\\u043d\\u0435 (\\u041d\\u0443 \\u0438\\u043b\\u0438 \\u0432\\u044b\\u043d\\u0438\\u043c\\u0430\\u0435\\u043c \\u0438\\u0437 \\u0448\\u043a\\u0430\\u0444\\u0430 \\u043f\\u043e\\u043b\\u043a\\u0443-\\u0434\\u0440\\u0443\\u0433\\u0443\\u044e, \\u043d\\u0430\\u043f\\u0440\\u0438\\u043c\\u0435\\u0440).\", \"date\": \"2020-04-06T16:48:44.012Z\", \"header_image\": 25, \"post_tags\": [], \"categories\": []}", "approved_go_live_at": null}}, {"model": "wagtailcore.page", "pk": 1, "fields": {"path": "0001", "depth": 1, "numchild": 1, "title": "Root", "slug": "root", "content_type": 1, "live": true, "has_unpublished_changes": false, "url_path": "/", "owner": null, "seo_title": "", "show_in_menus": false, "search_description": "", "go_live_at": null, "expire_at": null, "expired": false, "locked": false, "first_published_at": null, "latest_revision_created_at": null}}, {"model": "wagtailcore.page", "pk": 3, "fields": {"path": "00010001", "depth": 2, "numchild": 1, "title": "Home", "slug": "home", "content_type": 2, "live": true, "has_unpublished_changes": false, "url_path": "/home/", "owner": null, "seo_title": "", "show_in_menus": false, "search_description": "", "go_live_at": null, "expire_at": null, "expired": false, "locked": false, "first_published_at": null, "latest_revision_created_at": null}}, {"model": "wagtailcore.page", "pk": 24, "fields": {"path": "000100010002", "depth": 3, "numchild": 6, "title": "\u041a\u043e\u0440\u043f\u043e\u0440\u0430\u0442\u0438\u0432\u043d\u044b\u0439 \u0443\u043d\u0438\u0432\u0435\u0440\u0441\u0438\u0442\u0435\u0442", "slug": "university", "content_type": 28, "live": true, "has_unpublished_changes": false, "url_path": "/home/university/", "owner": 2, "seo_title": "", "show_in_menus": false, "search_description": "", "go_live_at": null, "expire_at": null, "expired": false, "locked": false, "first_published_at": "2020-04-06T12:56:31.306Z", "latest_revision_created_at": "2020-04-06T12:56:31.154Z"}}, {"model": "wagtailcore.page", "pk": 26, "fields": {"path": "0001000100020002", "depth": 4, "numchild": 0, "title": "\u041e \u043a\u043e\u043c\u043f\u0430\u043d\u0438\u0438", "slug": "about-company", "content_type": 32, "live": true, "has_unpublished_changes": false, "url_path": "/home/university/about-company/", "owner": 2, "seo_title": "", "show_in_menus": false, "search_description": "", "go_live_at": null, "expire_at": null, "expired": false, "locked": false, "first_published_at": "2020-04-06T13:16:38.122Z", "latest_revision_created_at": "2020-04-06T14:54:37.997Z"}}, {"model": "wagtailcore.page", "pk": 27, "fields": {"path": "0001000100020003", "depth": 4, "numchild": 0, "title": "\u0421\u043e\u0431\u044b\u0442\u0438\u0438", "slug": "event", "content_type": 32, "live": true, "has_unpublished_changes": false, "url_path": "/home/university/event/", "owner": 2, "seo_title": "", "show_in_menus": false, "search_description": "", "go_live_at": null, "expire_at": null, "expired": false, "locked": false, "first_published_at": "2020-04-06T13:39:34.830Z", "latest_revision_created_at": "2020-04-06T13:42:45.006Z"}}, {"model": "wagtailcore.page", "pk": 28, "fields": {"path": "0001000100020004", "depth": 4, "numchild": 0, "title": "\u041f\u0435\u0440\u0432\u044b\u0439 \u043a\u0443\u0440\u0441", "slug": "\u043f\u0435\u0440\u0432\u044b\u0439-\u043a\u0443\u0440\u0441", "content_type": 27, "live": true, "has_unpublished_changes": false, "url_path": "/home/university/\u043f\u0435\u0440\u0432\u044b\u0439-\u043a\u0443\u0440\u0441/", "owner": 2, "seo_title": "", "show_in_menus": false, "search_description": "", "go_live_at": null, "expire_at": null, "expired": false, "locked": false, "first_published_at": "2020-04-06T13:50:55.697Z", "latest_revision_created_at": "2020-04-16T15:26:38.474Z"}}, {"model": "wagtailcore.page", "pk": 29, "fields": {"path": "0001000100020005", "depth": 4, "numchild": 0, "title": "\u0421\u0442\u0430\u0442\u044c\u044f 2", "slug": "\u0441\u0442\u0430\u0442\u044c\u044f-2", "content_type": 27, "live": true, "has_unpublished_changes": false, "url_path": "/home/university/\u0441\u0442\u0430\u0442\u044c\u044f-2/", "owner": 2, "seo_title": "", "show_in_menus": false, "search_description": "", "go_live_at": null, "expire_at": null, "expired": false, "locked": false, "first_published_at": "2020-04-06T13:52:29.279Z", "latest_revision_created_at": "2020-04-06T13:59:08.200Z"}}, {"model": "wagtailcore.page", "pk": 31, "fields": {"path": "0001000100020006", "depth": 4, "numchild": 0, "title": "\u0421\u0442\u0430\u0442\u044c\u044f 3", "slug": "\u0441\u0442\u0430\u0442\u044c\u044f-3", "content_type": 27, "live": true, "has_unpublished_changes": false, "url_path": "/home/university/\u0441\u0442\u0430\u0442\u044c\u044f-3/", "owner": 2, "seo_title": "", "show_in_menus": true, "search_description": "", "go_live_at": null, "expire_at": null, "expired": false, "locked": false, "first_published_at": "2020-04-06T15:01:51.205Z", "latest_revision_created_at": "2020-04-06T15:03:57.750Z"}}, {"model": "wagtailcore.page", "pk": 32, "fields": {"path": "0001000100020007", "depth": 4, "numchild": 0, "title": "\u0414\u043e\u043a\u0443\u043c\u0435\u043d\u0442\u044b", "slug": "documents", "content_type": 32, "live": true, "has_unpublished_changes": false, "url_path": "/home/university/documents/", "owner": 2, "seo_title": "", "show_in_menus": false, "search_description": "", "go_live_at": null, "expire_at": null, "expired": false, "locked": false, "first_published_at": "2020-04-06T15:18:13.487Z", "latest_revision_created_at": "2020-04-06T15:18:13.355Z"}}, {"model": "wagtailimages.image", "pk": 25, "fields": {"collection": 1, "title": "hisory.jpg", "file": "original_images/7227b04c48ec70d5991cd44eb51d6692.jpeg", "width": 1200, "height": 638, "created_at": "2020-04-06T13:10:37.065Z", "uploaded_by_user": 2, "focal_point_x": null, "focal_point_y": null, "focal_point_width": null, "focal_point_height": null, "file_size": 117246}}, {"model": "wagtailimages.image", "pk": 26, "fields": {"collection": 1, "title": "\u0441\u043e\u0431\u044b\u0442\u0438\u0435 1.jpg", "file": "original_images/phoca_thumb_l_33.jpg", "width": 423, "height": 600, "created_at": "2020-04-06T13:41:04.257Z", "uploaded_by_user": 2, "focal_point_x": null, "focal_point_y": null, "focal_point_width": null, "focal_point_height": null, "file_size": 191280}}, {"model": "wagtailimages.image", "pk": 27, "fields": {"collection": 1, "title": "\u0441\u043e\u0431\u044b\u0442\u0438\u0435 2.jpg", "file": "original_images/phoca_thumb_l_ng_2016.jpg", "width": 424, "height": 600, "created_at": "2020-04-06T13:41:16.321Z", "uploaded_by_user": 2, "focal_point_x": null, "focal_point_y": null, "focal_point_width": null, "focal_point_height": null, "file_size": 146402}}, {"model": "wagtailimages.image", "pk": 28, "fields": {"collection": 1, "title": "\u0434\u0435\u0434.jpg", "file": "original_images/ED21bvvWsAAfdCn.jpg", "width": 720, "height": 1009, "created_at": "2020-04-06T13:47:56.592Z", "uploaded_by_user": 2, "focal_point_x": null, "focal_point_y": null, "focal_point_width": null, "focal_point_height": null, "file_size": 108943}}, {"model": "wagtailimages.image", "pk": 29, "fields": {"collection": 1, "title": "\u0438\u043b\u0430\u043d.jpg", "file": "original_images/b72dfa8b4.jpg", "width": 1200, "height": 900, "created_at": "2020-04-06T13:48:11.454Z", "uploaded_by_user": 2, "focal_point_x": null, "focal_point_y": null, "focal_point_width": null, "focal_point_height": null, "file_size": 101683}}, {"model": "wagtailusers.userprofile", "pk": 1, "fields": {"user": 2, "submitted_notifications": true, "approved_notifications": true, "rejected_notifications": true, "preferred_language": "ru"}}, {"model": "blog.landingpage", "pk": 26, "fields": {"body": "[{\"type\": \"two_columns\", \"value\": {\"left_column\": [{\"type\": \"heading\", \"value\": \"\\u0417\\u043d\\u0430\\u043a\\u043e\\u043c\\u0441\\u0442\\u0432\\u043e \\u0441 \\u043a\\u043e\\u043c\\u043f\\u0430\\u043d\\u0438\\u0435\\u0439\"}, {\"type\": \"paragraph\", \"value\": \"<p>\\u0417\\u0434\\u0435\\u0441\\u044c \\u043c\\u043e\\u0436\\u0435\\u0442 \\u0431\\u044b\\u0442\\u044c \\u043b\\u044e\\u0431\\u043e\\u0439 \\u0442\\u0435\\u043a\\u0441\\u0442 , \\u0438 \\u043f\\u0440\\u0438\\u043a\\u0440\\u0435\\u043f\\u043b\\u0435\\u043d\\u044b \\u043a\\u0430\\u0440\\u0442\\u0438\\u043d\\u043e\\u0447\\u043a\\u0438, \\u043a \\u043f\\u0440\\u0438\\u043c\\u0435\\u0440\\u0443</p><p><embed alt=\\\"hisory.jpg\\\" embedtype=\\\"image\\\" format=\\\"left\\\" id=\\\"25\\\"/><br/></p>\"}], \"right_column\": [{\"type\": \"heading\", \"value\": \"\\u041e\\u0441\\u043d\\u043e\\u0432\\u043d\\u044b\\u043c\\u0438 \\u0446\\u0435\\u043b\\u0438\"}, {\"type\": \"paragraph\", \"value\": \"<ol><li>\\u043f\\u0435\\u0440\\u0432\\u0430\\u044f</li><li>\\u0432\\u0442\\u043e\\u0440\\u0430\\u044f</li><li>\\u0442\\u0440\\u0435\\u0442\\u0438\\u044f</li></ol><embed alt=\\\"hisory.jpg\\\" embedtype=\\\"image\\\" format=\\\"right\\\" id=\\\"25\\\"/>\"}]}}, {\"type\": \"heading\", \"value\": \"\\u041c\\u0438\\u0441\\u0441\\u0438\\u044f\\u043c\\u0438 \\u0438 \\u0437\\u0430\\u0434\\u0430\\u0447\\u0430\\u043c\\u0438 \\u043a\\u043e\\u043c\\u043f\\u0430\\u043d\\u0438\\u0438\"}, {\"type\": \"paragraph\", \"value\": \"<p>\\u0442\\u0430\\u043a\\u0438\\u0435 \\u0442\\u043e , \\u0442\\u0430\\u043a\\u0438\\u0435 \\u0442\\u043e</p><p><embed alt=\\\"hisory.jpg\\\" embedtype=\\\"image\\\" format=\\\"fullwidth\\\" id=\\\"25\\\"/><br/></p>\"}, {\"type\": \"heading\", \"value\": \"\\u0430\\u0444\\u0446\\u0430\\u0444\\u0446\"}, {\"type\": \"paragraph\", \"value\": \"<p>1</p><p>1</p><p>1</p><p>1</p><p>1</p><p><br/></p><p>1</p><p>1</p><p>1</p><p><br/></p><p>1</p><p>1</p><p>1</p><p>1</p><p><br/></p><p>1</p><p><br/></p>\"}]"}}, {"model": "blog.landingpage", "pk": 27, "fields": {"body": "[{\"type\": \"heading\", \"value\": \"\\u041a\\u0440\\u0430\\u0442\\u043a\\u0430\\u044f \\u043e\\u0431\\u0449\\u0430\\u044f \\u0438\\u043d\\u0444\\u043e\\u0440\\u043c\\u0430\\u0446\\u0438\\u044f\"}, {\"type\": \"two_columns\", \"value\": {\"left_column\": [{\"type\": \"image\", \"value\": 27}], \"right_column\": [{\"type\": \"image\", \"value\": 26}]}}, {\"type\": \"two_columns\", \"value\": {\"left_column\": [{\"type\": \"image\", \"value\": 26}], \"right_column\": [{\"type\": \"image\", \"value\": 27}]}}]"}}, {"model": "blog.landingpage", "pk": 32, "fields": {"body": "[]"}}, {"model": "blog.postpage", "pk": 28, "fields": {"body": "\u0418\u043d\u0444\u043e\u043c\u0430\u0446\u0438\u044f \u043e \u043a\u0443\u0440\u0441\u0435 \u0438 \u0442.\u0434.\r\n\r\n\u0421\u043c\u043e\u0442\u0440\u0438\u0442\u0435 \u0434\u0430\u043b\u0435\u0435 .\r\n\r\n\u041e\u0431\u043e\u0441\u043d\u043e\u0432\u0430\u043d\u0438\u0435\r\n\r\n\u0421\u0438\u0434\u0435\u0442\u044c, \u0441\u043f\u043e\u043a\u043e\u0439\u043d\u043e \u0438 \u0440\u0438\u0441\u043e\u0432\u0430\u0442\u044c \u0438\u043b\u0438 \u0441\u043e\u0431\u0438\u0440\u0430\u0442\u044c \u043a\u043e\u043d\u0441\u0442\u0440\u0443\u043a\u0442\u043e\u0440\u044b \u0446\u0435\u043b\u044b\u0439 \u0434\u0435\u043d\u044c \u043d\u0435\u0432\u043e\u0437\u043c\u043e\u0436\u043d\u043e, \u0434\u0430 \u0438 \u0430\u043a\u0442\u0438\u0432\u043d\u044b\u0435 \u0438\u0433\u0440\u044b \u0442\u043e\u0436\u0435 \u043d\u0435\u043e\u0431\u0445\u043e\u0434\u0438\u043c\u044b. \u0412\u0441\u0435 \u0434\u0435\u0442\u0438 \u043b\u044e\u0431\u044f\u0442 \u0433\u043e\u043d\u044f\u0442\u044c \u043d\u0430 \u0432\u0435\u043b\u0438\u043a\u0430\u0445, \u0441\u0430\u043c\u043e\u043a\u0430\u0442\u0430\u0445, \u0431\u0435\u0433\u0430\u0442\u044c \u0438 \u043f\u0440\u044b\u0433\u0430\u0442\u044c. \u0414\u043b\u044f \u043d\u0430\u043f\u0440\u0430\u0432\u043b\u0435\u043d\u0438\u044f \u00ab\u0447\u0440\u0435\u0437\u043c\u0435\u0440\u043d\u043e\u0439\u00bb \u044d\u043d\u0435\u0440\u0433\u0438\u0438 \u0434\u0435\u0442\u0435\u0439 \u0432 \u043f\u043e\u043b\u0435\u0437\u043d\u043e\u0435 \u0440\u0443\u0441\u043b\u043e \u043f\u0440\u0438\u0448\u043b\u0430 \u043c\u044b\u0441\u043b\u044c \u043f\u043e\u0441\u0442\u0430\u0432\u0438\u0442\u044c \u0434\u0435\u0442\u0441\u043a\u0438\u0439 \u0432\u0435\u043b\u043e\u0441\u0438\u043f\u0435\u0434 \u043d\u0430 \u0441\u0442\u0430\u043d\u043e\u043a, \u043d\u043e \u043a\u0430\u043a\u043e\u0439 \u0440\u0435\u0431\u0435\u043d\u043e\u043a \u0431\u0443\u0434\u0435\u0442 \u0441\u0438\u0434\u0435\u0442\u044c \u0438 \u043f\u0440\u043e\u0441\u0442\u043e \u043a\u0440\u0443\u0442\u0438\u0442\u044c \u043f\u0435\u0434\u0430\u043b\u0438, \u0433\u043b\u044f\u0434\u044f \u0432 \u0441\u0442\u0435\u043d\u0443? \u041d\u0438\u043a\u0430\u043a\u043e\u0439! \u0422\u0430\u043a \u0440\u043e\u0434\u0438\u043b\u0430\u0441\u044c \u0438\u0434\u0435\u044f \u0441\u043e\u0437\u0434\u0430\u043d\u0438\u044f \u0441\u0442\u0430\u043d\u043a\u0430 \u0438 \u0441\u043e\u0432\u043c\u0435\u0449\u0435\u043d\u0438\u044f \u0435\u0433\u043e \u0441 \u043a\u043e\u043c\u043f\u044c\u044e\u0442\u0435\u0440\u043d\u043e\u0439 \u0438\u0433\u0440\u043e\u0439.\r\n\r\n\u0421\u043d\u0430\u0447\u0430\u043b\u0430 \u0440\u0435\u0431\u0435\u043d\u043a\u0430 \u043c\u043e\u0436\u043d\u043e \u0443\u0432\u043b\u0435\u0447\u044c \u0441\u043e\u0432\u043c\u0435\u0441\u0442\u043d\u044b\u043c \u0438\u0437\u0433\u043e\u0442\u043e\u0432\u043b\u0435\u043d\u0438\u0435\u043c, \u0430 \u0443\u0436 \u043a\u0430\u043a \u0441\u0434\u0435\u043b\u0430\u0435\u0442\u0435, \u0442\u043e \u0440\u0430\u0434\u043e\u0441\u0442\u0438 \u043d\u0435\u0442 \u043f\u0440\u0435\u0434\u0435\u043b\u0430. \u0418\u0433\u0440\u043e\u0432\u043e\u0439 \u0430\u0432\u0442\u043e\u043c\u0430\u0442 \u0443 \u0432\u0430\u0441 \u0434\u043e\u043c\u0430!\r\n\r\n\u041f\u043e\u044d\u0442\u043e\u043c\u0443 \u0434\u0435\u043b\u0430\u0435\u043c \u0441\u0442\u0430\u043d\u043e\u043a \u0434\u043b\u044f \u0432\u0435\u043b\u043e\u0441\u0438\u043f\u0435\u0434\u0430 \u0441\u0432\u043e\u0438\u043c\u0438 \u0440\u0443\u043a\u0430\u043c\u0438 \u0438 \u0438\u0437 \u0442\u043e\u0433\u043e, \u0447\u0442\u043e \u043d\u0430\u0439\u0434\u0435\u0442\u0441\u044f \u0432 \u0437\u0430\u043a\u0440\u043e\u043c\u0430\u0445 \u043d\u0430 \u0431\u0430\u043b\u043a\u043e\u043d\u0435 (\u041d\u0443 \u0438\u043b\u0438 \u0432\u044b\u043d\u0438\u043c\u0430\u0435\u043c \u0438\u0437 \u0448\u043a\u0430\u0444\u0430 \u043f\u043e\u043b\u043a\u0443-\u0434\u0440\u0443\u0433\u0443\u044e, \u043d\u0430\u043f\u0440\u0438\u043c\u0435\u0440).", "date": "2020-04-06T16:48:44.012Z", "header_image": 25, "categories": []}}, {"model": "blog.postpage", "pk": 29, "fields": {"body": "\u0421\u0442\u0430\u0442\u044c\u044f 2\r\n\u0421\u0442\u0430\u0442\u044c\u044f 2\r\n\u0421\u0442\u0430\u0442\u044c\u044f 2\u0421\u0442\u0430\u0442\u044c\u044f 2\r\n\u0421\u0442\u0430\u0442\u044c\u044f 2\r\n\u0421\u0442\u0430\u0442\u044c\u044f 2\r\n\u0421\u0442\u0430\u0442\u044c\u044f 2\u0421\u0442\u0430\u0442\u044c\u044f 2\r\n\u0421\u0442\u0430\u0442\u044c\u044f 2\r\n\u0421\u0442\u0430\u0442\u044c\u044f 2\u0421\u0442\u0430\u0442\u044c\u044f 2\u0421\u0442\u0430\u0442\u044c\u044f 2\u0421\u0442\u0430\u0442\u044c\u044f 2\u0421\u0442\u0430\u0442\u044c\u044f 2\r\n\u0421\u0442\u0430\u0442\u044c\u044f 2\r\n\u0421\u0442\u0430\u0442\u044c\u044f 2\r\n\u0421\u0442\u0430\u0442\u044c\u044f 2\r\n[](https://www.youtube.com/watch?v=SLV1B5Lzy48)\r\n\u0421\u0442\u0430\u0442\u044c\u044f 2\r\n\u0421\u0442\u0430\u0442\u044c\u044f 2\r\n\u0421\u0442\u0430\u0442\u044c\u044f 2\r\n\u0421\u0442\u0430\u0442\u044c\u044f 2\r\n\u0421\u0442\u0430\u0442\u044c\u044f 2", "date": "2020-04-06T16:52:28.659Z", "header_image": 28, "categories": [9]}}, {"model": "blog.postpage", "pk": 31, "fields": {"body": "\u0446\u043f\u0443\u0446\u043f\u0446\u0443\u043f\u0446\u0443\u043f\u0446\u0443\u043f\u0446\u0443\u043f\u0446\u0443\r\n1. \u0440\u043a\u0440\u0432\u043a\r\n2. \u0432\u043a\u0440\r\n3. \u0432\u043a\r\n4. \u0440\u0432\u043a\r\n5.[ \u0440\u0432\u043a](https://www.youtube.com/watch?v=SLV1B5Lzy48)\r\n6. \u0440\u0432\r\n7. \u0440\u0432", "date": "2020-04-06T18:01:50.823Z", "header_image": 27, "categories": [9, 10, 11]}}, {"model": "blog.blogpage", "pk": 24, "fields": {"description": ""}}, {"model": "home.homepage", "pk": 3, "fields": {}}]